SKU,Name,Potency,Size,Qty
100A11,Acid fluor. ,CM,11ml,500
100A16,Acidum nitricum ,CM,11ml,500
100A18,Acidum phosphoricum ,CM,11ml,500
100A21,Acidum sulphuricum ,CM,11ml,500
100A23,Aconitum napellus ,CM,11ml,500
100A27,Aesculus hippocastanum ,CM,11ml,500
100A29,Agaricus muscarius ,CM,11ml,500
100A30,Agnus castus ,CM,11ml,500
100A34,Allium cepa ,CM,11ml,500
100A36,Aloe socotrina ,CM,11ml,500
100A39,Alumina ,CM,11ml,500
100A41,Ammonium carbonicum ,CM,11ml,500
100A46,Anacardium orientale ,CM,11ml,500
100A51,Antimonium crudum ,CM,11ml,500
100A52,Antimonium tartaricum ,CM,11ml,500
100A53,Apis mellifica ,CM,11ml,500
100A57,Argentum metallicum ,CM,11ml,500
100A58,Argentum nitricum ,CM,11ml,500
100A59,Arnica montana ,CM,11ml,500
100A60,Arsenicum album ,CM,11ml,500
100A62,Arsenicum iodatum ,CM,11ml,500
100A64,Arsenicum sulphuratum flavum ,CM,11ml,500
100A74,Aurum metallicum ,CM,11ml,500
100A75,Aurum muriaticum ,CM,11ml,500
100B01,Bacillinum ,CM,11ml,500
100B02,Badiaga ,CM,11ml,500
100B03,Baptisia tinctoria ,CM,11ml,500
100B04,Baryta carbonica ,CM,11ml,500
100B05,Baryta iodata ,CM,11ml,500
100B06,Baryta muriatica ,CM,11ml,500
100B07,Baryta phosphorica ,CM,11ml,500
100B08,Belladonna ,CM,11ml,500
100B09,Bellis perennis ,CM,11ml,500
100B11,Berberis vulgaris ,CM,11ml,500
100B13,Blatta orientalis ,CM,11ml,500
100B14,Borax ,CM,11ml,500
100B16,Bovista ,CM,11ml,500
100B17,Bromium ,CM,11ml,500
100B18,Bryonia alba ,CM,11ml,500
100B19,Bufo rana ,CM,11ml,500
100C01,Cactus grandiflorus ,CM,11ml,500
100C04,Caladium seguinum ,CM,11ml,500
100C06,Calcium carbonicum Hahnemanni ,CM,11ml,500
100C07,Calcarea fluorica ,CM,11ml,500
100C08,Calcarea iodata ,CM,11ml,500
100C09,Calcarea phosphorica ,CM,11ml,500
100C12,Calcarea sulphurica ,CM,11ml,500
100C14,Calendula officinalis ,CM,11ml,500
100C17,Cantharis ,CM,11ml,500
100C19,Carbo animalis ,CM,11ml,500
100C21,Carbo vegetabilis ,CM,11ml,500
100C22,Carcinosin ,CM,11ml,500
100C26,Caulophyllum thalictroides ,CM,11ml,500
100C27,Causticum ,CM,11ml,500
100C28,Ceanothus americanus ,CM,11ml,500
100C30,Chamomilla ,CM,11ml,500
100C32,Chelidonium majus ,CM,11ml,500
100C35,China ,CM,11ml,500
100C40,Cicuta virosa ,CM,11ml,500
100C42,Cimicifuga racemosa ,CM,11ml,500
100C43,Cina ,CM,11ml,500
100C46,Clematis erecta ,CM,11ml,500
100C48,Cocculus indicus ,CM,11ml,500
100C50,Coffea cruda ,CM,11ml,500
100C51,Colchicum autumnale ,CM,11ml,500
100C53,Collinsonia canadensis ,CM,11ml,500
100C54,Colocynthis ,CM,11ml,500
100C56,Conium maculatum ,CM,11ml,500
100C63,Croton tiglium ,CM,11ml,500
100C65,Cuprum metallicum ,CM,11ml,500
100D03,Digitalis purpurea ,CM,11ml,500
100D04,Dioscorea villosa ,CM,11ml,500
100D07,Drosera rotundifolia ,CM,11ml,500
100D08,Dulcamara ,CM,11ml,500
100E06,Eupatorium perfoliatum ,CM,11ml,500
100E09,Euphrasia officinalis ,CM,11ml,500
100F04,Ferrum metallicum ,CM,11ml,500
100F05,Ferrum phosphoricum ,CM,11ml,500
100G04,Gelsemium sempervirens ,CM,11ml,500
100G07,Glonoinum ,CM,11ml,500
100G11,Gnaphalium polycephalum ,CM,11ml,500
100G12,Graphites ,CM,11ml,500
100G15,Guaiacum ,CM,11ml,500
100G16,Gun powder ,CM,11ml,500
100H01,Hamamelis virginica ,CM,11ml,500
100H03,Hekla lava ,CM,11ml,500
100H08,Hepar sulphur ,CM,11ml,500
100H09,Hydrastis canadensis ,CM,11ml,500
100H10,Hydrocotyle asiatica ,CM,11ml,500
100H11,Hydrophobinum ,CM,11ml,500
100H12,Hyoscyamus niger ,CM,11ml,500
100H13,Hypericum perforatum ,CM,11ml,500
100I02,Ignatia amara ,CM,11ml,500
100I05,Insulinum ,CM,11ml,500
100I06,Iodium ,CM,11ml,500
100I07,Ipecacuanha ,CM,11ml,500
100I10,Iris versicolor ,CM,11ml,500
100J01,Jaborandi ,CM,11ml,500
100K02,Kali bichromicum ,CM,11ml,500
100K03,Kali bromatum ,CM,11ml,500
100K04,Kali carbonicum ,CM,11ml,500
100K06,Kali phosphoricum ,CM,11ml,500
100K07,Kali sulphuricum ,CM,11ml,500
100K08,Kalmia latifolia ,CM,11ml,500
100K10,Kreosotum ,CM,11ml,500
100K13,Kali iodatum ,CM,11ml,500
100K14,Kali muriaticum ,CM,11ml,500
100L01,Lac caninum ,CM,11ml,500
100L02,Lachesis ,CM,11ml,500
100L03,Lachnanthes tinctoria ,CM,11ml,500
100L04,Lac defloratum (Lac.vac.def.) ,CM,11ml,500
100L06,Lapis albus ,CM,11ml,500
100L07,Lathyrus sativus ,CM,11ml,500
100L10,Ledum palustre ,CM,11ml,500
100L11,Lemna minor ,CM,11ml,500
100L17,Lycopodium ,CM,11ml,500
100M03,Magnesium phosphoricum ,CM,11ml,500
100M05,Malandrinum ,CM,11ml,500
100M08,Medorrhinum ,CM,11ml,500
100M12,Mercurius corrosivus ,CM,11ml,500
100M13,Mercurius solubilis ,CM,11ml,500
100M15,Mercurius iodatus flavus ,CM,11ml,500
100M16,Mercurius iodatus ruber ,CM,11ml,500
100M19,Mezereum ,CM,11ml,500
100M20,Millefolium ,CM,11ml,500
100M26,Myristica sebifera ,CM,11ml,500
100N03,Natrum phosphoricum ,CM,11ml,500
100N05,Natrum carbonicum ,CM,11ml,500
100N06,Natrum muriaticum ,CM,11ml,500
100N09,Natrum sulphuricum ,CM,11ml,500
100N13,Nux vomica ,CM,11ml,500
100O05,Onosmodium virginianum ,CM,11ml,500
100O09,Opium ,CM,11ml,500
100P06,Petroleum ,CM,11ml,500
100P08,Phosphorus ,CM,11ml,500
100P09,Physostigma venenosum ,CM,11ml,500
100P10,Phytolacca dec ,CM,11ml,500
100P14,Platinum metallicum ,CM,11ml,500
100P16,Plumbum metallicum ,CM,11ml,500
100P17,Podophyllum peltatum ,CM,11ml,500
100P19,Psorinum ,CM,11ml,500
100P20,Pulsatilla ,CM,11ml,500
100P21,Pyrogenium ,CM,11ml,500
100R01,Radium Bromide ,CM,11ml,500
100R04,Ratanhia ,CM,11ml,500
100R06,Rhododendron chrysanthum ,CM,11ml,500
100R09,Rhus toxicodendron ,CM,11ml,500
100R15,Ruta graveolens ,CM,11ml,500
100S01,Sabadilla ,CM,11ml,500
100S03,Sabina ,CM,11ml,500
100S08,Sanguinaria canadensis ,CM,11ml,500
100S09,Sanguinarinum Nitricum ,CM,11ml,500
100S12,Sarsaparilla ,CM,11ml,500
100S15,Secale cornutum ,CM,11ml,500
100S17,Selenium ,CM,11ml,500
100S21,Sepia ,CM,11ml,500
100S22,Silicea ,CM,11ml,500
100S25,Spigelia anthelmia ,CM,11ml,500
100S26,Spongia tosta ,CM,11ml,500
100S28,Stannum metallicum ,CM,11ml,500
100S29,Staphysagria ,CM,11ml,500
100S32,Stramonium ,CM,11ml,500
100S36,Sulphur ,CM,11ml,500
100S38,Symphytum officinale ,CM,11ml,500
100S40,Syphillinum ,CM,11ml,500
100T01,Tabacum ,CM,11ml,500
100T05,Tellurium ,CM,11ml,500
100T06,Terebinthina ,CM,11ml,500
100T07,Teucrium marum verum ,CM,11ml,500
100T12,Thuja occidentalis ,CM,11ml,500
100T13,Thyroidinum ,CM,11ml,500
100T17,Tuberculinum Bovinum ,CM,11ml,500
100T18,Tuberculinum Koch ,CM,11ml,500
100V04,Variolinum ,CM,11ml,500
100V05,Veratrum album ,CM,11ml,500
100Z01,Zincum metallicum ,CM,11ml,500
100Z04,Zincum sulphuricum ,CM,11ml,500
103A16,Acidum nitricum ,3X,11ml,500
103A18,Acidum phosphoricum ,3X,11ml,500
103A21,Acidum sulphuricum ,3X,11ml,500
103A23,Aconitum napellus ,3X,11ml,500
103A27,Aesculus hippocastanum ,3X,11ml,500
103A46,Anacardium orientale ,3X,11ml,500
103A53,Apis mellifica ,3X,11ml,500
103A59,Arnica montana ,3X,11ml,500
103A60,Arsenicum album ,3X,11ml,500
103B03,Baptisia tinctoria ,3X,11ml,500
103B08,Belladonna ,3X,11ml,500
103B11,Berberis vulgaris ,3X,11ml,500
103B18,Bryonia alba ,3X,11ml,500
103C01,Cactus grandiflorus ,3X,11ml,500
103C23,Carduus marianus ,3X,11ml,500
103C28,Ceanothus americanus ,3X,11ml,500
103C32,Chelidonium majus ,3X,11ml,500
103C35,China ,3X,11ml,500
103C43,Cina ,3X,11ml,500
103C54,Colocynthis ,3X,11ml,500
103D03,Digitalis purpurea ,3X,11ml,500
103D04,Dioscorea villosa ,3X,11ml,500
103G04,Gelsemium sempervirens ,3X,11ml,500
103G07,Glonoinum ,3X,11ml,500
103H01,Hamamelis virginica ,3X,11ml,500
103H10,Hydrocotyle asiatica ,3X,11ml,500
103I06,Iodium ,3X,11ml,500
103I07,Ipecacuanha ,3X,11ml,500
103K02,Kali bichromicum ,3X,11ml,500
103L11,Lemna minor ,3X,11ml,500
103L17,Lycopodium ,3X,11ml,500
103M26,Myristica sebifera ,3X,11ml,500
103N09,Natrum sulphuricum ,3X,11ml,500
103N13,Nux vomica ,3X,11ml,500
103P09,Physostigma venenosum ,3X,11ml,500
103P10,Phytolacca dec ,3X,11ml,500
103P20,Pulsatilla ,3X,11ml,500
103R09,Rhus toxicodendron ,3X,11ml,500
103R15,Ruta graveolens ,3X,11ml,500
103T12,Thuja occidentalis ,3X,11ml,500
103U03,Urtica urens ,3X,11ml,500
104A01,Aalserum ,6,11ml,500
104A03,Abies canadensis ,6,11ml,500
104A04,Abrotanum ,6,11ml,500
104A05,Absinthium ,6,11ml,500
104A08,Acidum benzoicum ,6,11ml,500
104A11,Acid fluor. ,6,11ml,500
104A12,Acidum formicum ,6,11ml,500
104A14,Acidum lacticum ,6,11ml,500
104A15,Acidum muriaticum ,6,11ml,500
104A16,Acidum nitricum ,6,11ml,500
104A17,Acidum oxalicum ,6,11ml,500
104A18,Acidum phosphoricum ,6,11ml,500
104A19,Acidum picricum ,6,11ml,500
104A21,Acidum sulphuricum ,6,11ml,500
104A23,Aconitum napellus ,6,11ml,500
104A24,Actaea spicata ,6,11ml,500
104A27,Aesculus hippocastanum ,6,11ml,500
104A28,Aethusa cynapium ,6,11ml,500
104A29,Agaricus muscarius ,6,11ml,500
104A30,Agnus castus ,6,11ml,500
104A31,Agraphis nutans ,6,11ml,500
104A34,Allium cepa ,6,11ml,500
104A35,Allium sativum ,6,11ml,500
104A38,Alumen ,6,11ml,500
104A39,Alumina ,6,11ml,500
104A40,Ambra grisea ,6,11ml,500
104A41,Ammonium carbonicum ,6,11ml,500
104A42,Ammonium muriaticum ,6,11ml,500
104A43,Ammonium phosphoricum ,6,11ml,500
104A44,Amyl nitrosum ,6,11ml,500
104A46,Anacardium orientale ,6,11ml,500
104A47,Anagallis arvensis ,6,11ml,500
104A51,Antimonium crudum ,6,11ml,500
104A52,Antimonium tartaricum ,6,11ml,500
104A53,Apis mellifica ,6,11ml,500
104A54,Apocynum cannabinum ,6,11ml,500
104A55,Aralia racemosa ,6,11ml,500
104A57,Argentum metallicum ,6,11ml,500
104A58,Argentum nitricum ,6,11ml,500
104A59,Arnica montana ,6,11ml,500
104A60,Arsenicum album ,6,11ml,500
104A62,Arsenicum iodatum ,6,11ml,500
104A64,Arsenicum sulphuratum flavum ,6,11ml,500
104A67,Asafoetida ,6,11ml,500
104A70,Asterias rubens ,6,11ml,500
104A74,Aurum metallicum ,6,11ml,500
104A76,Aurum muriaticum natronatum ,6,11ml,500
104B02,Badiaga ,6,11ml,500
104B03,Baptisia tinctoria ,6,11ml,500
104B04,Baryta carbonica ,6,11ml,500
104B05,Baryta iodata ,6,11ml,500
104B06,Baryta muriatica ,6,11ml,500
104B08,Belladonna ,6,11ml,500
104B09,Bellis perennis ,6,11ml,500
104B10,Berberis aquifolium ,6,11ml,500
104B11,Berberis vulgaris ,6,11ml,500
104B13,Blatta orientalis ,6,11ml,500
104B14,Borax ,6,11ml,500
104B16,Bovista ,6,11ml,500
104B18,Bryonia alba ,6,11ml,500
104B19,Bufo rana ,6,11ml,500
104C01,Cactus grandiflorus ,6,11ml,500
104C04,Caladium seguinum ,6,11ml,500
104C06,Calcium carbonicum Hahnemanni ,6,11ml,500
104C07,Calcarea fluorica ,6,11ml,500
104C08,Calcarea iodata ,6,11ml,500
104C09,Calcarea phosphorica ,6,11ml,500
104C12,Calcarea sulphurica ,6,11ml,500
104C13,Calcarea picrata ,6,11ml,500
104C14,Calendula officinalis ,6,11ml,500
104C16,Camphora ,6,11ml,500
104C17,Cantharis ,6,11ml,500
104C18,Capsicum annuum ,6,11ml,500
104C21,Carbo vegetabilis ,6,11ml,500
104C23,Carduus marianus ,6,11ml,500
104C26,Caulophyllum thalictroides ,6,11ml,500
104C27,Causticum ,6,11ml,500
104C30,Chamomilla ,6,11ml,500
104C32,Chelidonium majus ,6,11ml,500
104C35,China ,6,11ml,500
104C36,Chininum arsenicosum ,6,11ml,500
104C37,Chininum sulphuricum ,6,11ml,500
104C39,Cholesterinum ,6,11ml,500
104C40,Cicuta virosa ,6,11ml,500
104C42,Cimicifuga racemosa ,6,11ml,500
104C43,Cina ,6,11ml,500
104C45,Cistus canadensis ,6,11ml,500
104C46,Clematis erecta ,6,11ml,500
104C48,Cocculus indicus ,6,11ml,500
104C50,Coffea cruda ,6,11ml,500
104C51,Colchicum autumnale ,6,11ml,500
104C53,Collinsonia canadensis ,6,11ml,500
104C54,Colocynthis ,6,11ml,500
104C56,Conium maculatum ,6,11ml,500
104C59,Corallium rubrum ,6,11ml,500
104C62,Crotalus horridus ,6,11ml,500
104C63,Croton tiglium ,6,11ml,500
104C65,Cuprum metallicum ,6,11ml,500
104D03,Digitalis purpurea ,6,11ml,500
104D04,Dioscorea villosa ,6,11ml,500
104D07,Drosera rotundifolia ,6,11ml,500
104D08,Dulcamara ,6,11ml,500
104E01,Echinacea angustifolia ,6,11ml,500
104E04,Equisetum hyemale ,6,11ml,500
104E06,Eupatorium perfoliatum ,6,11ml,500
104E07,Eupatorium purpurium ,6,11ml,500
104E08,Euphorbium ,6,11ml,500
104E09,Euphrasia officinalis ,6,11ml,500
104F04,Ferrum metallicum ,6,11ml,500
104F05,Ferrum phosphoricum ,6,11ml,500
104F06,Ferrum picricum ,6,11ml,500
104F08,Formica rufa ,6,11ml,500
104G04,Gelsemium sempervirens ,6,11ml,500
104G07,Glonoinum ,6,11ml,500
104G11,Gnaphalium polycephalum ,6,11ml,500
104G12,Graphites ,6,11ml,500
104G15,Guaiacum ,6,11ml,500
104H01,Hamamelis virginica ,6,11ml,500
104H03,Hekla lava ,6,11ml,500
104H04,Helleborus niger ,6,11ml,500
104H06,Helonias dioica ,6,11ml,500
104H08,Hepar sulphur ,6,11ml,500
104H09,Hydrastis canadensis ,6,11ml,500
104H10,Hydrocotyle asiatica ,6,11ml,500
104H12,Hyoscyamus niger ,6,11ml,500
104H13,Hypericum perforatum ,6,11ml,500
104I02,Ignatia amara ,6,11ml,500
104I05,Insulinum ,6,11ml,500
104I06,Iodium ,6,11ml,500
104I07,Ipecacuanha ,6,11ml,500
104I10,Iris versicolor ,6,11ml,500
104J01,Jaborandi ,6,11ml,500
104K01,Kali arsenicosum ,6,11ml,500
104K02,Kali bichromicum ,6,11ml,500
104K03,Kali bromatum ,6,11ml,500
104K04,Kali carbonicum ,6,11ml,500
104K06,Kali phosphoricum ,6,11ml,500
104K07,Kali sulphuricum ,6,11ml,500
104K08,Kalmia latifolia ,6,11ml,500
104K10,Kreosotum ,6,11ml,500
104K13,Kali iodatum ,6,11ml,500
104K14,Kali muriaticum ,6,11ml,500
104L02,Lachesis ,6,11ml,500
104L03,Lachnanthes tinctoria ,6,11ml,500
104L06,Lapis albus ,6,11ml,500
104L07,Lathyrus sativus ,6,11ml,500
104L09,Laurocerasus ,6,11ml,500
104L10,Ledum palustre ,6,11ml,500
104L11,Lemna minor ,6,11ml,500
104L15,Lithium carbonicum ,6,11ml,500
104L17,Lycopodium ,6,11ml,500
104M02,Magnesia muriatica ,6,11ml,500
104M03,Magnesium phosphoricum ,6,11ml,500
104M10,Mentha piperita ,6,11ml,500
104M12,Mercurius corrosivus ,6,11ml,500
104M13,Mercurius solubilis ,6,11ml,500
104M16,Mercurius iodatus ruber ,6,11ml,500
104M19,Mezereum ,6,11ml,500
104M20,Millefolium ,6,11ml,500
104M26,Myristica sebifera ,6,11ml,500
104M28,Magnesia carbonica ,6,11ml,500
104N03,Natrum phosphoricum ,6,11ml,500
104N05,Natrum carbonicum ,6,11ml,500
104N06,Natrum muriaticum ,6,11ml,500
104N09,Natrum sulphuricum ,6,11ml,500
104N11,Nux moschata ,6,11ml,500
104N13,Nux vomica ,6,11ml,500
104O01,Ocimum canum ,6,11ml,500
104O04,Oleum jecoris ,6,11ml,500
104P01,Paeonia officinalis ,6,11ml,500
104P06,Petroleum ,6,11ml,500
104P08,Phosphorus ,6,11ml,500
104P09,Physostigma venenosum ,6,11ml,500
104P10,Phytolacca dec ,6,11ml,500
104P13,Plantago major ,6,11ml,500
104P17,Podophyllum peltatum ,6,11ml,500
104P18,Pothos foetidus ,6,11ml,500
104P20,Pulsatilla ,6,11ml,500
104R03,Raphanus sativus ,6,11ml,500
104R04,Ratanhia ,6,11ml,500
104R06,Rhododendron chrysanthum ,6,11ml,500
104R09,Rhus toxicodendron ,6,11ml,500
104R12,Robinia pseudocacia ,6,11ml,500
104R14,Rumex crispus ,6,11ml,500
104R15,Ruta graveolens ,6,11ml,500
104S01,Sabadilla ,6,11ml,500
104S02,Sabal serrulata ,6,11ml,500
104S03,Sabina ,6,11ml,500
104S07,Sambucus nigra ,6,11ml,500
104S08,Sanguinaria canadensis ,6,11ml,500
104S12,Sarsaparilla ,6,11ml,500
104S15,Secale cornutum ,6,11ml,500
104S17,Selenium ,6,11ml,500
104S19,Senega ,6,11ml,500
104S21,Sepia ,6,11ml,500
104S22,Silicea ,6,11ml,500
104S25,Spigelia anthelmia ,6,11ml,500
104S26,Spongia tosta ,6,11ml,500
104S28,Stannum metallicum ,6,11ml,500
104S29,Staphysagria ,6,11ml,500
104S31,Sticta pulmonaria ,6,11ml,500
104S32,Stramonium ,6,11ml,500
104S36,Sulphur ,6,11ml,500
104S38,Symphytum officinale ,6,11ml,500
104T01,Tabacum ,6,11ml,500
104T05,Tellurium ,6,11ml,500
104T06,Terebinthina ,6,11ml,500
104T07,Teucrium marum verum ,6,11ml,500
104T11,Thiosinaminum ,6,11ml,500
104T12,Thuja occidentalis ,6,11ml,500
104T13,Thyroidinum ,6,11ml,500
104T14,Titanium ,6,11ml,500
104U01,Uranium nitricum ,6,11ml,500
104U02,Urea pura ,6,11ml,500
104U03,Urtica urens ,6,11ml,500
104V03,Vanadium metallicum ,6,11ml,500
104V05,Veratrum album ,6,11ml,500
104V14,Viscum album ,6,11ml,500
104Z01,Zincum metallicum ,6,11ml,500
105A01,Aalserum ,30,11ml,500
105A02,Abies nigra ,30,11ml,500
105A03,Abies canadensis ,30,11ml,500
105A04,Abrotanum ,30,11ml,500
105A05,Absinthium ,30,11ml,500
105A06,Acalypha indica ,30,11ml,500
105A07,Acidum aceticum ,30,11ml,500
105A08,Acidum benzoicum ,30,11ml,500
105A09,Acidum carbolicum ,30,11ml,500
105A11,Acid fluor. ,30,11ml,500
105A12,Acidum formicum ,30,11ml,500
105A13,Acidum hydrocyanicum ,30,11ml,500
105A14,Acidum lacticum ,30,11ml,500
105A15,Acidum muriaticum ,30,11ml,500
105A16,Acidum nitricum ,30,11ml,500
105A17,Acidum oxalicum ,30,11ml,500
105A18,Acidum phosphoricum ,30,11ml,500
105A19,Acidum picricum ,30,11ml,500
105A20,Acidum salicylicum ,30,11ml,500
105A21,Acidum sulphuricum ,30,11ml,500
105A22,Acidum uricum ,30,11ml,500
105A23,Aconitum napellus ,30,11ml,500
105A24,Actaea spicata ,30,11ml,500
105A27,Aesculus hippocastanum ,30,11ml,500
105A28,Aethusa cynapium ,30,11ml,500
105A29,Agaricus muscarius ,30,11ml,500
105A30,Agnus castus ,30,11ml,500
105A31,Agraphis nutans ,30,11ml,500
105A34,Allium cepa ,30,11ml,500
105A35,Allium sativum ,30,11ml,500
105A36,Aloe socotrina ,30,11ml,500
105A37,Alstonia constricta ,30,11ml,500
105A38,Alumen ,30,11ml,500
105A39,Alumina ,30,11ml,500
105A40,Ambra grisea ,30,11ml,500
105A41,Ammonium carbonicum ,30,11ml,500
105A42,Ammonium muriaticum ,30,11ml,500
105A43,Ammonium phosphoricum ,30,11ml,500
105A44,Amyl nitrosum ,30,11ml,500
105A45,Anacardium occidentale ,30,11ml,500
105A46,Anacardium orientale ,30,11ml,500
105A47,Anagallis arvensis ,30,11ml,500
105A48,Angustura ,30,11ml,500
105A49,Anthracinum ,30,11ml,500
105A50,Antimonium arsenicicum ,30,11ml,500
105A51,Antimonium crudum ,30,11ml,500
105A52,Antimonium tartaricum ,30,11ml,500
105A53,Apis mellifica ,30,11ml,500
105A54,Apocynum cannabinum ,30,11ml,500
105A55,Aralia racemosa ,30,11ml,500
105A56,Aranea diadema ,30,11ml,500
105A57,Argentum metallicum ,30,11ml,500
105A58,Argentum nitricum ,30,11ml,500
105A59,Arnica montana ,30,11ml,500
105A60,Arsenicum album ,30,11ml,500
105A62,Arsenicum iodatum ,30,11ml,500
105A63,Arsenicum sulphuratum rubrum ,30,11ml,500
105A64,Arsenicum sulphuratum flavum ,30,11ml,500
105A65,Artemisia vulgaris ,30,11ml,500
105A66,Arum triphyllum ,30,11ml,500
105A67,Asafoetida ,30,11ml,500
105A68,Asarum europaeum ,30,11ml,500
105A70,Asterias rubens ,30,11ml,500
105A74,Aurum metallicum ,30,11ml,500
105A75,Aurum muriaticum ,30,11ml,500
105A76,Aurum muriaticum natronatum ,30,11ml,500
105A78,Avena sativa ,30,11ml,500
105A81,Acidum gallicum ,30,11ml,500
105A84,Ammonium causticum ,30,11ml,500
105B01,Bacillinum ,30,11ml,500
105B02,Badiaga ,30,11ml,500
105B03,Baptisia tinctoria ,30,11ml,500
105B04,Baryta carbonica ,30,11ml,500
105B05,Baryta iodata ,30,11ml,500
105B06,Baryta muriatica ,30,11ml,500
105B07,Baryta phosphorica ,30,11ml,500
105B08,Belladonna ,30,11ml,500
105B09,Bellis perennis ,30,11ml,500
105B10,Berberis aquifolium ,30,11ml,500
105B11,Berberis vulgaris ,30,11ml,500
105B12,Bismuthum metallicum ,30,11ml,500
105B13,Blatta orientalis ,30,11ml,500
105B14,Borax ,30,11ml,500
105B15,Bothrops lanceolatus ,30,11ml,500
105B16,Bovista ,30,11ml,500
105B17,Bromium ,30,11ml,500
105B18,Bryonia alba ,30,11ml,500
105B19,Bufo rana ,30,11ml,500
105C01,Cactus grandiflorus ,30,11ml,500
105C02,Cadmium sulphuratum ,30,11ml,500
105C03,Cajeputum ,30,11ml,500
105C04,Caladium seguinum ,30,11ml,500
105C05,Calcarea Arsenicosa ,30,11ml,500
105C06,Calcium carbonicum Hahnemanni ,30,11ml,500
105C07,Calcarea fluorica ,30,11ml,500
105C08,Calcarea iodata ,30,11ml,500
105C09,Calcarea phosphorica ,30,11ml,500
105C10,Calcarea renalis ,30,11ml,500
105C11,Calcarea silicata ,30,11ml,500
105C12,Calcarea sulphurica ,30,11ml,500
105C13,Calcarea picrata ,30,11ml,500
105C14,Calendula officinalis ,30,11ml,500
105C16,Camphora ,30,11ml,500
105C17,Cantharis ,30,11ml,500
105C18,Capsicum annuum ,30,11ml,500
105C19,Carbo animalis ,30,11ml,500
105C20,Carboneum sulphuratum ,30,11ml,500
105C21,Carbo vegetabilis ,30,11ml,500
105C22,Carcinosin ,30,11ml,500
105C23,Carduus marianus ,30,11ml,500
105C26,Caulophyllum thalictroides ,30,11ml,500
105C27,Causticum ,30,11ml,500
105C28,Ceanothus americanus ,30,11ml,500
105C29,Cedron ,30,11ml,500
105C30,Chamomilla ,30,11ml,500
105C32,Chelidonium majus ,30,11ml,500
105C33,Chenopodium anthelminticum ,30,11ml,500
105C34,Chimaphila umbellata ,30,11ml,500
105C35,China ,30,11ml,500
105C36,Chininum arsenicosum ,30,11ml,500
105C37,Chininum sulphuricum ,30,11ml,500
105C38,Chionanthus virginica ,30,11ml,500
105C39,Cholesterinum ,30,11ml,500
105C40,Cicuta virosa ,30,11ml,500
105C42,Cimicifuga racemosa ,30,11ml,500
105C43,Cina ,30,11ml,500
105C44,Cinnabaris ,30,11ml,500
105C45,Cistus canadensis ,30,11ml,500
105C46,Clematis erecta ,30,11ml,500
105C48,Cocculus indicus ,30,11ml,500
105C49,Coccus cacti ,30,11ml,500
105C50,Coffea cruda ,30,11ml,500
105C51,Colchicum autumnale ,30,11ml,500
105C53,Collinsonia canadensis ,30,11ml,500
105C54,Colocynthis ,30,11ml,500
105C55,Condurango ,30,11ml,500
105C56,Conium maculatum ,30,11ml,500
105C58,Copaiva ,30,11ml,500
105C59,Corallium rubrum ,30,11ml,500
105C61,Crocus sativus ,30,11ml,500
105C62,Crotalus horridus ,30,11ml,500
105C63,Croton tiglium ,30,11ml,500
105C64,Cuprum arsenicosum ,30,11ml,500
105C65,Cuprum metallicum ,30,11ml,500
105C67,Cyclamen europaeum ,30,11ml,500
105C73,Cuprum aceticum ,30,11ml,500
105D01,Damiana ,30,11ml,500
105D02,Daphne indica ,30,11ml,500
105D03,Digitalis purpurea ,30,11ml,500
105D04,Dioscorea villosa ,30,11ml,500
105D06,Dolichos pruriens ,30,11ml,500
105D07,Drosera rotundifolia ,30,11ml,500
105D08,Dulcamara ,30,11ml,500
105E01,Echinacea angustifolia ,30,11ml,500
105E03,Epigaea repens ,30,11ml,500
105E04,Equisetum hyemale ,30,11ml,500
105E05,Erigeron canadense ,30,11ml,500
105E06,Eupatorium perfoliatum ,30,11ml,500
105E07,Eupatorium purpurium ,30,11ml,500
105E08,Euphorbium ,30,11ml,500
105E09,Euphrasia officinalis ,30,11ml,500
105F01,Fagopyrum esculentum ,30,11ml,500
105F02,Ferrum arsenicicum ,30,11ml,500
105F03,Ferrum iodatum ,30,11ml,500
105F04,Ferrum metallicum ,30,11ml,500
105F05,Ferrum phosphoricum ,30,11ml,500
105F06,Ferrum picricum ,30,11ml,500
105F07,Filix mas ,30,11ml,500
105F08,Formica rufa ,30,11ml,500
105F10,Fucus vesiculosus ,30,11ml,500
105G01,Gambogia ,30,11ml,500
105G04,Gelsemium sempervirens ,30,11ml,500
105G07,Glonoinum ,30,11ml,500
105G09,Glycerinum ,30,11ml,500
105G11,Gnaphalium polycephalum ,30,11ml,500
105G12,Graphites ,30,11ml,500
105G14,Grindelia robusta ,30,11ml,500
105G15,Guaiacum ,30,11ml,500
105G16,Gun powder ,30,11ml,500
105H01,Hamamelis virginica ,30,11ml,500
105H03,Hekla lava ,30,11ml,500
105H04,Helleborus niger ,30,11ml,500
105H06,Helonias dioica ,30,11ml,500
105H08,Hepar sulphur ,30,11ml,500
105H09,Hydrastis canadensis ,30,11ml,500
105H10,Hydrocotyle asiatica ,30,11ml,500
105H11,Hydrophobinum ,30,11ml,500
105H12,Hyoscyamus niger ,30,11ml,500
105H13,Hypericum perforatum ,30,11ml,500
105I01,Iberis amara ,30,11ml,500
105I02,Ignatia amara ,30,11ml,500
105I04,Influenzinum ,30,11ml,500
105I05,Insulinum ,30,11ml,500
105I06,Iodium ,30,11ml,500
105I07,Ipecacuanha ,30,11ml,500
105I09,Iris tenax ,30,11ml,500
105I10,Iris versicolor ,30,11ml,500
105J01,Jaborandi ,30,11ml,500
105J03,Jalapa ,30,11ml,500
105J04,Jatropha curcas ,30,11ml,500
105J05,Justicia adhatoda ,30,11ml,500
105J06,Juglans regia ,30,11ml,500
105K01,Kali arsenicosum ,30,11ml,500
105K02,Kali bichromicum ,30,11ml,500
105K03,Kali bromatum ,30,11ml,500
105K04,Kali carbonicum ,30,11ml,500
105K05,Kali nitricum ,30,11ml,500
105K06,Kali phosphoricum ,30,11ml,500
105K07,Kali sulphuricum ,30,11ml,500
105K08,Kalmia latifolia ,30,11ml,500
105K10,Kreosotum ,30,11ml,500
105K13,Kali iodatum ,30,11ml,500
105K14,Kali muriaticum ,30,11ml,500
105L01,Lac caninum ,30,11ml,500
105L02,Lachesis ,30,11ml,500
105L03,Lachnanthes tinctoria ,30,11ml,500
105L04,Lac defloratum (Lac.vac.def.) ,30,11ml,500
105L06,Lapis albus ,30,11ml,500
105L07,Lathyrus sativus ,30,11ml,500
105L08,Latrodectus mactans ,30,11ml,500
105L09,Laurocerasus ,30,11ml,500
105L10,Ledum palustre ,30,11ml,500
105L11,Lemna minor ,30,11ml,500
105L13,Leptandra ,30,11ml,500
105L14,Lilium tigrinum ,30,11ml,500
105L15,Lithium carbonicum ,30,11ml,500
105L16,Lobelia inflata ,30,11ml,500
105L17,Lycopodium ,30,11ml,500
105L18,Lycopus virginicus ,30,11ml,500
105M01,Macrotinum ,30,11ml,500
105M02,Magnesia muriatica ,30,11ml,500
105M03,Magnesium phosphoricum ,30,11ml,500
105M05,Malandrinum ,30,11ml,500
105M06,Manganum aceticum ,30,11ml,500
105M07,Manganum metallicum ,30,11ml,500
105M08,Medorrhinum ,30,11ml,500
105M09,Melilotus officinalis ,30,11ml,500
105M10,Mentha piperita ,30,11ml,500
105M12,Mercurius corrosivus ,30,11ml,500
105M13,Mercurius solubilis ,30,11ml,500
105M14,Mercurius vivus ,30,11ml,500
105M15,Mercurius iodatus flavus ,30,11ml,500
105M16,Mercurius iodatus ruber ,30,11ml,500
105M17,Mercurius cyanatus ,30,11ml,500
105M18,Mercurius dulcis ,30,11ml,500
105M19,Mezereum ,30,11ml,500
105M20,Millefolium ,30,11ml,500
105M22,Morbilinum ,30,11ml,500
105M23,Moschus ,30,11ml,500
105M26,Myristica sebifera ,30,11ml,500
105M28,Magnesia carbonica ,30,11ml,500
105N01,Naja tripudians ,30,11ml,500
105N02,Naphthalinum ,30,11ml,500
105N03,Natrum phosphoricum ,30,11ml,500
105N04,Natrum arsenicum ,30,11ml,500
105N05,Natrum carbonicum ,30,11ml,500
105N06,Natrum muriaticum ,30,11ml,500
105N08,Natrum salicylicum ,30,11ml,500
105N09,Natrum sulphuricum ,30,11ml,500
105N11,Nux moschata ,30,11ml,500
105N13,Nux vomica ,30,11ml,500
105O01,Ocimum canum ,30,11ml,500
105O02,Oenanthe crocata ,30,11ml,500
105O03,Oleander ,30,11ml,500
105O04,Oleum jecoris ,30,11ml,500
105O05,Onosmodium virginianum ,30,11ml,500
105O06,Ornithogalum umbellatum ,30,11ml,500
105O07,Osmium metallicum ,30,11ml,500
105O08,Ova testa ,30,11ml,500
105O09,Opium ,30,11ml,500
105P01,Paeonia officinalis ,30,11ml,500
105P05,Pertussin ,30,11ml,500
105P06,Petroleum ,30,11ml,500
105P07,Petroselinum sativum ,30,11ml,500
105P08,Phosphorus ,30,11ml,500
105P09,Physostigma venenosum ,30,11ml,500
105P10,Phytolacca dec ,30,11ml,500
105P12,Pix liquida ,30,11ml,500
105P13,Plantago major ,30,11ml,500
105P14,Platinum metallicum ,30,11ml,500
105P15,Plumbum iodatum ,30,11ml,500
105P16,Plumbum metallicum ,30,11ml,500
105P17,Podophyllum peltatum ,30,11ml,500
105P18,Pothos foetidus ,30,11ml,500
105P19,Psorinum ,30,11ml,500
105P20,Pulsatilla ,30,11ml,500
105P21,Pyrogenium ,30,11ml,500
105P24,Pichi ,30,11ml,500
105R01,Radium Bromide ,30,11ml,500
105R02,Ranunculus bulbosus ,30,11ml,500
105R03,Raphanus sativus ,30,11ml,500
105R04,Ratanhia ,30,11ml,500
105R05,Rheum ,30,11ml,500
105R06,Rhododendron chrysanthum ,30,11ml,500
105R09,Rhus toxicodendron ,30,11ml,500
105R10,Rhus venenata ,30,11ml,500
105R11,Ricinus communis ,30,11ml,500
105R12,Robinia pseudocacia ,30,11ml,500
105R14,Rumex crispus ,30,11ml,500
105R15,Ruta graveolens ,30,11ml,500
105R16,Rosmarinus officinalis ,30,11ml,500
105S01,Sabadilla ,30,11ml,500
105S02,Sabal serrulata ,30,11ml,500
105S03,Sabina ,30,11ml,500
105S06,Sambucus canadensis ,30,11ml,500
105S07,Sambucus nigra ,30,11ml,500
105S08,Sanguinaria canadensis ,30,11ml,500
105S09,Sanguinarinum Nitricum ,30,11ml,500
105S10,Sanicula aqua ,30,11ml,500
105S11,Santoninum ,30,11ml,500
105S12,Sarsaparilla ,30,11ml,500
105S14,Scirrhinum ,30,11ml,500
105S15,Secale cornutum ,30,11ml,500
105S17,Selenium ,30,11ml,500
105S18,Senecio aureus ,30,11ml,500
105S19,Senega ,30,11ml,500
105S21,Sepia ,30,11ml,500
105S22,Silicea ,30,11ml,500
105S23,Solidago virgaurea ,30,11ml,500
105S25,Spigelia anthelmia ,30,11ml,500
105S26,Spongia tosta ,30,11ml,500
105S27,Squilla ,30,11ml,500
105S28,Stannum metallicum ,30,11ml,500
105S29,Staphysagria ,30,11ml,500
105S31,Sticta pulmonaria ,30,11ml,500
105S32,Stramonium ,30,11ml,500
105S33,Strontium carbonicum ,30,11ml,500
105S34,Strophanthus hispidus ,30,11ml,500
105S35,Strychninum ,30,11ml,500
105S36,Sulphur ,30,11ml,500
105S38,Symphytum officinale ,30,11ml,500
105S40,Syphillinum ,30,11ml,500
105S45,Sulphur iodatum ,30,11ml,500
105T01,Tabacum ,30,11ml,500
105T03,Tarentula hispana ,30,11ml,500
105T04,Taraxacum ,30,11ml,500
105T05,Tellurium ,30,11ml,500
105T06,Terebinthina ,30,11ml,500
105T07,Teucrium marum verum ,30,11ml,500
105T08,Thlaspi bursa pastoris ,30,11ml,500
105T09,Thallium met. ,30,11ml,500
105T10,Theridion ,30,11ml,500
105T11,Thiosinaminum ,30,11ml,500
105T12,Thuja occidentalis ,30,11ml,500
105T13,Thyroidinum ,30,11ml,500
105T14,Titanium ,30,11ml,500
105T15,Trillium pendulum ,30,11ml,500
105T17,Tuberculinum Bovinum ,30,11ml,500
105T18,Tuberculinum Koch ,30,11ml,500
105T21,Thymolum ,30,11ml,500
105U01,Uranium nitricum ,30,11ml,500
105U02,Urea pura ,30,11ml,500
105U03,Urtica urens ,30,11ml,500
105U05,Ustilago maydis ,30,11ml,500
105V01,Vaccinium Myrtillus ,30,11ml,500
105V02,Valeriana officinalis ,30,11ml,500
105V03,Vanadium metallicum ,30,11ml,500
105V04,Variolinum ,30,11ml,500
105V05,Veratrum album ,30,11ml,500
105V06,Veratrum viride ,30,11ml,500
105V07,Verbascum thapsus ,30,11ml,500
105V08,Viburnum opulus ,30,11ml,500
105V10,Vinca minor ,30,11ml,500
105V11,Viola odorata ,30,11ml,500
105V12,Viola tricolor ,30,11ml,500
105V14,Viscum album ,30,11ml,500
105W01,Wyethia helenioides ,30,11ml,500
105W02,Wiesbaden ,30,11ml,500
105X02,X-Ray ,30,11ml,500
105Z01,Zincum metallicum ,30,11ml,500
105Z02,Zincum picricum ,30,11ml,500
105Z03,Zincum phosphoricum ,30,11ml,500
105Z04,Zincum sulphuricum ,30,11ml,500
105Z05,Zingiber officinale ,30,11ml,500
106A01,Aalserum ,200,11ml,500
106A02,Abies nigra ,200,11ml,500
106A03,Abies canadensis ,200,11ml,500
106A04,Abrotanum ,200,11ml,500
106A05,Absinthium ,200,11ml,500
106A06,Acalypha indica ,200,11ml,500
106A07,Acidum aceticum ,200,11ml,500
106A08,Acidum benzoicum ,200,11ml,500
106A09,Acidum carbolicum ,200,11ml,500
106A11,Acid fluor. ,200,11ml,500
106A12,Acidum formicum ,200,11ml,500
106A13,Acidum hydrocyanicum ,200,11ml,500
106A14,Acidum lacticum ,200,11ml,500
106A15,Acidum muriaticum ,200,11ml,500
106A16,Acidum nitricum ,200,11ml,500
106A17,Acidum oxalicum ,200,11ml,500
106A18,Acidum phosphoricum ,200,11ml,500
106A19,Acidum picricum ,200,11ml,500
106A20,Acidum salicylicum ,200,11ml,500
106A21,Acidum sulphuricum ,200,11ml,500
106A22,Acidum uricum ,200,11ml,500
106A23,Aconitum napellus ,200,11ml,500
106A24,Actaea spicata ,200,11ml,500
106A27,Aesculus hippocastanum ,200,11ml,500
106A28,Aethusa cynapium ,200,11ml,500
106A29,Agaricus muscarius ,200,11ml,500
106A30,Agnus castus ,200,11ml,500
106A31,Agraphis nutans ,200,11ml,500
106A34,Allium cepa ,200,11ml,500
106A35,Allium sativum ,200,11ml,500
106A36,Aloe socotrina ,200,11ml,500
106A37,Alstonia constricta ,200,11ml,500
106A38,Alumen ,200,11ml,500
106A39,Alumina ,200,11ml,500
106A40,Ambra grisea ,200,11ml,500
106A41,Ammonium carbonicum ,200,11ml,500
106A42,Ammonium muriaticum ,200,11ml,500
106A43,Ammonium phosphoricum ,200,11ml,500
106A44,Amyl nitrosum ,200,11ml,500
106A45,Anacardium occidentale ,200,11ml,500
106A46,Anacardium orientale ,200,11ml,500
106A47,Anagallis arvensis ,200,11ml,500
106A48,Angustura ,200,11ml,500
106A49,Anthracinum ,200,11ml,500
106A50,Antimonium arsenicicum ,200,11ml,500
106A51,Antimonium crudum ,200,11ml,500
106A52,Antimonium tartaricum ,200,11ml,500
106A53,Apis mellifica ,200,11ml,500
106A54,Apocynum cannabinum ,200,11ml,500
106A55,Aralia racemosa ,200,11ml,500
106A56,Aranea diadema ,200,11ml,500
106A57,Argentum metallicum ,200,11ml,500
106A58,Argentum nitricum ,200,11ml,500
106A59,Arnica montana ,200,11ml,500
106A60,Arsenicum album ,200,11ml,500
106A62,Arsenicum iodatum ,200,11ml,500
106A63,Arsenicum sulphuratum rubrum ,200,11ml,500
106A64,Arsenicum sulphuratum flavum ,200,11ml,500
106A65,Artemisia vulgaris ,200,11ml,500
106A66,Arum triphyllum ,200,11ml,500
106A67,Asafoetida ,200,11ml,500
106A68,Asarum europaeum ,200,11ml,500
106A70,Asterias rubens ,200,11ml,500
106A74,Aurum metallicum ,200,11ml,500
106A75,Aurum muriaticum ,200,11ml,500
106A76,Aurum muriaticum natronatum ,200,11ml,500
106A78,Avena sativa ,200,11ml,500
106B01,Bacillinum ,200,11ml,500
106B02,Badiaga ,200,11ml,500
106B03,Baptisia tinctoria ,200,11ml,500
106B04,Baryta carbonica ,200,11ml,500
106B05,Baryta iodata ,200,11ml,500
106B06,Baryta muriatica ,200,11ml,500
106B07,Baryta phosphorica ,200,11ml,500
106B08,Belladonna ,200,11ml,500
106B09,Bellis perennis ,200,11ml,500
106B10,Berberis aquifolium ,200,11ml,500
106B11,Berberis vulgaris ,200,11ml,500
106B12,Bismuthum metallicum ,200,11ml,500
106B13,Blatta orientalis ,200,11ml,500
106B14,Borax ,200,11ml,500
106B15,Bothrops lanceolatus ,200,11ml,500
106B16,Bovista ,200,11ml,500
106B17,Bromium ,200,11ml,500
106B18,Bryonia alba ,200,11ml,500
106B19,Bufo rana ,200,11ml,500
106C01,Cactus grandiflorus ,200,11ml,500
106C02,Cadmium sulphuratum ,200,11ml,500
106C03,Cajeputum ,200,11ml,500
106C04,Caladium seguinum ,200,11ml,500
106C05,Calcarea Arsenicosa ,200,11ml,500
106C06,Calcium carbonicum Hahnemanni ,200,11ml,500
106C07,Calcarea fluorica ,200,11ml,500
106C08,Calcarea iodata ,200,11ml,500
106C09,Calcarea phosphorica ,200,11ml,500
106C10,Calcarea renalis ,200,11ml,500
106C11,Calcarea silicata ,200,11ml,500
106C12,Calcarea sulphurica ,200,11ml,500
106C13,Calcarea picrata ,200,11ml,500
106C14,Calendula officinalis ,200,11ml,500
106C16,Camphora ,200,11ml,500
106C17,Cantharis ,200,11ml,500
106C18,Capsicum annuum ,200,11ml,500
106C19,Carbo animalis ,200,11ml,500
106C20,Carboneum sulphuratum ,200,11ml,500
106C21,Carbo vegetabilis ,200,11ml,500
106C22,Carcinosin ,200,11ml,500
106C23,Carduus marianus ,200,11ml,500
106C26,Caulophyllum thalictroides ,200,11ml,500
106C27,Causticum ,200,11ml,500
106C28,Ceanothus americanus ,200,11ml,500
106C29,Cedron ,200,11ml,500
106C30,Chamomilla ,200,11ml,500
106C32,Chelidonium majus ,200,11ml,500
106C33,Chenopodium anthelminticum ,200,11ml,500
106C34,Chimaphila umbellata ,200,11ml,500
106C35,China ,200,11ml,500
106C36,Chininum arsenicosum ,200,11ml,500
106C37,Chininum sulphuricum ,200,11ml,500
106C38,Chionanthus virginica ,200,11ml,500
106C39,Cholesterinum ,200,11ml,500
106C40,Cicuta virosa ,200,11ml,500
106C42,Cimicifuga racemosa ,200,11ml,500
106C43,Cina ,200,11ml,500
106C44,Cinnabaris ,200,11ml,500
106C45,Cistus canadensis ,200,11ml,500
106C46,Clematis erecta ,200,11ml,500
106C48,Cocculus indicus ,200,11ml,500
106C49,Coccus cacti ,200,11ml,500
106C50,Coffea cruda ,200,11ml,500
106C51,Colchicum autumnale ,200,11ml,500
106C53,Collinsonia canadensis ,200,11ml,500
106C54,Colocynthis ,200,11ml,500
106C55,Condurango ,200,11ml,500
106C56,Conium maculatum ,200,11ml,500
106C58,Copaiva ,200,11ml,500
106C59,Corallium rubrum ,200,11ml,500
106C61,Crocus sativus ,200,11ml,500
106C62,Crotalus horridus ,200,11ml,500
106C63,Croton tiglium ,200,11ml,500
106C64,Cuprum arsenicosum ,200,11ml,500
106C65,Cuprum metallicum ,200,11ml,500
106C67,Cyclamen europaeum ,200,11ml,500
106C73,Cuprum aceticum ,200,11ml,500
106D01,Damiana ,200,11ml,500
106D02,Daphne indica ,200,11ml,500
106D03,Digitalis purpurea ,200,11ml,500
106D04,Dioscorea villosa ,200,11ml,500
106D06,Dolichos pruriens ,200,11ml,500
106D07,Drosera rotundifolia ,200,11ml,500
106D08,Dulcamara ,200,11ml,500
106E01,Echinacea angustifolia ,200,11ml,500
106E03,Epigaea repens ,200,11ml,500
106E04,Equisetum hyemale ,200,11ml,500
106E05,Erigeron canadense ,200,11ml,500
106E06,Eupatorium perfoliatum ,200,11ml,500
106E07,Eupatorium purpurium ,200,11ml,500
106E08,Euphorbium ,200,11ml,500
106E09,Euphrasia officinalis ,200,11ml,500
106F01,Fagopyrum esculentum ,200,11ml,500
106F02,Ferrum arsenicicum ,200,11ml,500
106F03,Ferrum iodatum ,200,11ml,500
106F04,Ferrum metallicum ,200,11ml,500
106F05,Ferrum phosphoricum ,200,11ml,500
106F06,Ferrum picricum ,200,11ml,500
106F07,Filix mas ,200,11ml,500
106F08,Formica rufa ,200,11ml,500
106F10,Fucus vesiculosus ,200,11ml,500
106G01,Gambogia ,200,11ml,500
106G04,Gelsemium sempervirens ,200,11ml,500
106G07,Glonoinum ,200,11ml,500
106G09,Glycerinum ,200,11ml,500
106G11,Gnaphalium polycephalum ,200,11ml,500
106G12,Graphites ,200,11ml,500
106G14,Grindelia robusta ,200,11ml,500
106G15,Guaiacum ,200,11ml,500
106G16,Gun powder ,200,11ml,500
106H01,Hamamelis virginica ,200,11ml,500
106H03,Hekla lava ,200,11ml,500
106H04,Helleborus niger ,200,11ml,500
106H06,Helonias dioica ,200,11ml,500
106H08,Hepar sulphur ,200,11ml,500
106H09,Hydrastis canadensis ,200,11ml,500
106H10,Hydrocotyle asiatica ,200,11ml,500
106H11,Hydrophobinum ,200,11ml,500
106H12,Hyoscyamus niger ,200,11ml,500
106H13,Hypericum perforatum ,200,11ml,500
106I01,Iberis amara ,200,11ml,500
106I02,Ignatia amara ,200,11ml,500
106I04,Influenzinum ,200,11ml,500
106I05,Insulinum ,200,11ml,500
106I06,Iodium ,200,11ml,500
106I07,Ipecacuanha ,200,11ml,500
106I09,Iris tenax ,200,11ml,500
106I10,Iris versicolor ,200,11ml,500
106J01,Jaborandi ,200,11ml,500
106J03,Jalapa ,200,11ml,500
106J04,Jatropha curcas ,200,11ml,500
106J05,Justicia adhatoda ,200,11ml,500
106K01,Kali arsenicosum ,200,11ml,500
106K02,Kali bichromicum ,200,11ml,500
106K03,Kali bromatum ,200,11ml,500
106K04,Kali carbonicum ,200,11ml,500
106K05,Kali nitricum ,200,11ml,500
106K06,Kali phosphoricum ,200,11ml,500
106K07,Kali sulphuricum ,200,11ml,500
106K08,Kalmia latifolia ,200,11ml,500
106K10,Kreosotum ,200,11ml,500
106K13,Kali iodatum ,200,11ml,500
106K14,Kali muriaticum ,200,11ml,500
106L01,Lac caninum ,200,11ml,500
106L02,Lachesis ,200,11ml,500
106L03,Lachnanthes tinctoria ,200,11ml,500
106L04,Lac defloratum (Lac.vac.def.) ,200,11ml,500
106L06,Lapis albus ,200,11ml,500
106L07,Lathyrus sativus ,200,11ml,500
106L08,Latrodectus mactans ,200,11ml,500
106L09,Laurocerasus ,200,11ml,500
106L10,Ledum palustre ,200,11ml,500
106L11,Lemna minor ,200,11ml,500
106L13,Leptandra ,200,11ml,500
106L14,Lilium tigrinum ,200,11ml,500
106L15,Lithium carbonicum ,200,11ml,500
106L16,Lobelia inflata ,200,11ml,500
106L17,Lycopodium ,200,11ml,500
106L18,Lycopus virginicus ,200,11ml,500
106M01,Macrotinum ,200,11ml,500
106M02,Magnesia muriatica ,200,11ml,500
106M03,Magnesium phosphoricum ,200,11ml,500
106M05,Malandrinum ,200,11ml,500
106M06,Manganum aceticum ,200,11ml,500
106M07,Manganum metallicum ,200,11ml,500
106M08,Medorrhinum ,200,11ml,500
106M09,Melilotus officinalis ,200,11ml,500
106M10,Mentha piperita ,200,11ml,500
106M12,Mercurius corrosivus ,200,11ml,500
106M13,Mercurius solubilis ,200,11ml,500
106M14,Mercurius vivus ,200,11ml,500
106M15,Mercurius iodatus flavus ,200,11ml,500
106M16,Mercurius iodatus ruber ,200,11ml,500
106M17,Mercurius cyanatus ,200,11ml,500
106M18,Mercurius dulcis ,200,11ml,500
106M19,Mezereum ,200,11ml,500
106M20,Millefolium ,200,11ml,500
106M22,Morbilinum ,200,11ml,500
106M23,Moschus ,200,11ml,500
106M26,Myristica sebifera ,200,11ml,500
106M28,Magnesia carbonica ,200,11ml,500
106N01,Naja tripudians ,200,11ml,500
106N02,Naphthalinum ,200,11ml,500
106N03,Natrum phosphoricum ,200,11ml,500
106N04,Natrum arsenicum ,200,11ml,500
106N05,Natrum carbonicum ,200,11ml,500
106N06,Natrum muriaticum ,200,11ml,500
106N08,Natrum salicylicum ,200,11ml,500
106N09,Natrum sulphuricum ,200,11ml,500
106N11,Nux moschata ,200,11ml,500
106N13,Nux vomica ,200,11ml,500
106O01,Ocimum canum ,200,11ml,500
106O02,Oenanthe crocata ,200,11ml,500
106O03,Oleander ,200,11ml,500
106O04,Oleum jecoris ,200,11ml,500
106O05,Onosmodium virginianum ,200,11ml,500
106O06,Ornithogalum umbellatum ,200,11ml,500
106O07,Osmium metallicum ,200,11ml,500
106O08,Ova testa ,200,11ml,500
106O09,Opium ,200,11ml,500
106P01,Paeonia officinalis ,200,11ml,500
106P05,Pertussin ,200,11ml,500
106P06,Petroleum ,200,11ml,500
106P07,Petroselinum sativum ,200,11ml,500
106P08,Phosphorus ,200,11ml,500
106P09,Physostigma venenosum ,200,11ml,500
106P10,Phytolacca dec ,200,11ml,500
106P11,Phytolacca berry ,200,11ml,500
106P12,Pix liquida ,200,11ml,500
106P13,Plantago major ,200,11ml,500
106P14,Platinum metallicum ,200,11ml,500
106P15,Plumbum iodatum ,200,11ml,500
106P16,Plumbum metallicum ,200,11ml,500
106P17,Podophyllum peltatum ,200,11ml,500
106P18,Pothos foetidus ,200,11ml,500
106P19,Psorinum ,200,11ml,500
106P20,Pulsatilla ,200,11ml,500
106P21,Pyrogenium ,200,11ml,500
106P24,Pichi ,200,11ml,500
106R01,Radium Bromide ,200,11ml,500
106R02,Ranunculus bulbosus ,200,11ml,500
106R03,Raphanus sativus ,200,11ml,500
106R04,Ratanhia ,200,11ml,500
106R05,Rheum ,200,11ml,500
106R06,Rhododendron chrysanthum ,200,11ml,500
106R09,Rhus toxicodendron ,200,11ml,500
106R10,Rhus venenata ,200,11ml,500
106R11,Ricinus communis ,200,11ml,500
106R12,Robinia pseudocacia ,200,11ml,500
106R14,Rumex crispus ,200,11ml,500
106R15,Ruta graveolens ,200,11ml,500
106R16,Rosmarinus officinalis ,200,11ml,500
106S01,Sabadilla ,200,11ml,500
106S02,Sabal serrulata ,200,11ml,500
106S03,Sabina ,200,11ml,500
106S06,Sambucus canadensis ,200,11ml,500
106S07,Sambucus nigra ,200,11ml,500
106S08,Sanguinaria canadensis ,200,11ml,500
106S09,Sanguinarinum Nitricum ,200,11ml,500
106S10,Sanicula aqua ,200,11ml,500
106S11,Santoninum ,200,11ml,500
106S12,Sarsaparilla ,200,11ml,500
106S14,Scirrhinum ,200,11ml,500
106S15,Secale cornutum ,200,11ml,500
106S17,Selenium ,200,11ml,500
106S18,Senecio aureus ,200,11ml,500
106S19,Senega ,200,11ml,500
106S21,Sepia ,200,11ml,500
106S22,Silicea ,200,11ml,500
106S23,Solidago virgaurea ,200,11ml,500
106S25,Spigelia anthelmia ,200,11ml,500
106S26,Spongia tosta ,200,11ml,500
106S27,Squilla ,200,11ml,500
106S28,Stannum metallicum ,200,11ml,500
106S29,Staphysagria ,200,11ml,500
106S31,Sticta pulmonaria ,200,11ml,500
106S32,Stramonium ,200,11ml,500
106S33,Strontium carbonicum ,200,11ml,500
106S34,Strophanthus hispidus ,200,11ml,500
106S35,Strychninum ,200,11ml,500
106S36,Sulphur ,200,11ml,500
106S38,Symphytum officinale ,200,11ml,500
106S40,Syphillinum ,200,11ml,500
106S45,Sulphur iodatum ,200,11ml,500
106T01,Tabacum ,200,11ml,500
106T03,Tarentula hispana ,200,11ml,500
106T04,Taraxacum ,200,11ml,500
106T05,Tellurium ,200,11ml,500
106T06,Terebinthina ,200,11ml,500
106T07,Teucrium marum verum ,200,11ml,500
106T08,Thlaspi bursa pastoris ,200,11ml,500
106T09,Thallium met. ,200,11ml,500
106T10,Theridion ,200,11ml,500
106T11,Thiosinaminum ,200,11ml,500
106T12,Thuja occidentalis ,200,11ml,500
106T13,Thyroidinum ,200,11ml,500
106T14,Titanium ,200,11ml,500
106T15,Trillium pendulum ,200,11ml,500
106T16,Trombidium ,200,11ml,500
106T17,Tuberculinum Bovinum ,200,11ml,500
106T18,Tuberculinum Koch ,200,11ml,500
106T19,Typhoidinum ,200,11ml,500
106T21,Thymolum ,200,11ml,500
106U01,Uranium nitricum ,200,11ml,500
106U02,Urea pura ,200,11ml,500
106U03,Urtica urens ,200,11ml,500
106U05,Ustilago maydis ,200,11ml,500
106V01,Vaccinium Myrtillus ,200,11ml,500
106V02,Valeriana officinalis ,200,11ml,500
106V03,Vanadium metallicum ,200,11ml,500
106V04,Variolinum ,200,11ml,500
106V05,Veratrum album ,200,11ml,500
106V06,Veratrum viride ,200,11ml,500
106V07,Verbascum thapsus ,200,11ml,500
106V08,Viburnum opulus ,200,11ml,500
106V10,Vinca minor ,200,11ml,500
106V11,Viola odorata ,200,11ml,500
106V12,Viola tricolor ,200,11ml,500
106V14,Viscum album ,200,11ml,500
106V15,Vipera berus ,200,11ml,500
106W01,Wyethia helenioides ,200,11ml,500
106W02,Wiesbaden ,200,11ml,500
106X02,X-Ray ,200,11ml,500
106Z01,Zincum metallicum ,200,11ml,500
106Z02,Zincum picricum ,200,11ml,500
106Z03,Zincum phosphoricum ,200,11ml,500
106Z04,Zincum sulphuricum ,200,11ml,500
106Z05,Zingiber officinale ,200,11ml,500
107A01,Aalserum ,1M,11ml,500
107A02,Abies nigra ,1M,11ml,500
107A03,Abies canadensis ,1M,11ml,500
107A04,Abrotanum ,1M,11ml,500
107A05,Absinthium ,1M,11ml,500
107A06,Acalypha indica ,1M,11ml,500
107A07,Acidum aceticum ,1M,11ml,500
107A08,Acidum benzoicum ,1M,11ml,500
107A09,Acidum carbolicum ,1M,11ml,500
107A11,Acid fluor. ,1M,11ml,500
107A12,Acidum formicum ,1M,11ml,500
107A13,Acidum hydrocyanicum ,1M,11ml,500
107A14,Acidum lacticum ,1M,11ml,500
107A15,Acidum muriaticum ,1M,11ml,500
107A16,Acidum nitricum ,1M,11ml,500
107A17,Acidum oxalicum ,1M,11ml,500
107A18,Acidum phosphoricum ,1M,11ml,500
107A19,Acidum picricum ,1M,11ml,500
107A20,Acidum salicylicum ,1M,11ml,500
107A21,Acidum sulphuricum ,1M,11ml,500
107A22,Acidum uricum ,1M,11ml,500
107A23,Aconitum napellus ,1M,11ml,500
107A24,Actaea spicata ,1M,11ml,500
107A27,Aesculus hippocastanum ,1M,11ml,500
107A28,Aethusa cynapium ,1M,11ml,500
107A29,Agaricus muscarius ,1M,11ml,500
107A30,Agnus castus ,1M,11ml,500
107A31,Agraphis nutans ,1M,11ml,500
107A34,Allium cepa ,1M,11ml,500
107A35,Allium sativum ,1M,11ml,500
107A36,Aloe socotrina ,1M,11ml,500
107A38,Alumen ,1M,11ml,500
107A39,Alumina ,1M,11ml,500
107A40,Ambra grisea ,1M,11ml,500
107A41,Ammonium carbonicum ,1M,11ml,500
107A42,Ammonium muriaticum ,1M,11ml,500
107A43,Ammonium phosphoricum ,1M,11ml,500
107A44,Amyl nitrosum ,1M,11ml,500
107A45,Anacardium occidentale ,1M,11ml,500
107A46,Anacardium orientale ,1M,11ml,500
107A47,Anagallis arvensis ,1M,11ml,500
107A48,Angustura ,1M,11ml,500
107A49,Anthracinum ,1M,11ml,500
107A50,Antimonium arsenicicum ,1M,11ml,500
107A51,Antimonium crudum ,1M,11ml,500
107A52,Antimonium tartaricum ,1M,11ml,500
107A53,Apis mellifica ,1M,11ml,500
107A54,Apocynum cannabinum ,1M,11ml,500
107A55,Aralia racemosa ,1M,11ml,500
107A56,Aranea diadema ,1M,11ml,500
107A57,Argentum metallicum ,1M,11ml,500
107A58,Argentum nitricum ,1M,11ml,500
107A59,Arnica montana ,1M,11ml,500
107A60,Arsenicum album ,1M,11ml,500
107A62,Arsenicum iodatum ,1M,11ml,500
107A63,Arsenicum sulphuratum rubrum ,1M,11ml,500
107A64,Arsenicum sulphuratum flavum ,1M,11ml,500
107A65,Artemisia vulgaris ,1M,11ml,500
107A66,Arum triphyllum ,1M,11ml,500
107A67,Asafoetida ,1M,11ml,500
107A68,Asarum europaeum ,1M,11ml,500
107A70,Asterias rubens ,1M,11ml,500
107A74,Aurum metallicum ,1M,11ml,500
107A75,Aurum muriaticum ,1M,11ml,500
107A76,Aurum muriaticum natronatum ,1M,11ml,500
107A78,Avena sativa ,1M,11ml,500
107B01,Bacillinum ,1M,11ml,500
107B02,Badiaga ,1M,11ml,500
107B03,Baptisia tinctoria ,1M,11ml,500
107B04,Baryta carbonica ,1M,11ml,500
107B05,Baryta iodata ,1M,11ml,500
107B06,Baryta muriatica ,1M,11ml,500
107B07,Baryta phosphorica ,1M,11ml,500
107B08,Belladonna ,1M,11ml,500
107B09,Bellis perennis ,1M,11ml,500
107B10,Berberis aquifolium ,1M,11ml,500
107B11,Berberis vulgaris ,1M,11ml,500
107B12,Bismuthum metallicum ,1M,11ml,500
107B13,Blatta orientalis ,1M,11ml,500
107B14,Borax ,1M,11ml,500
107B15,Bothrops lanceolatus ,1M,11ml,500
107B16,Bovista ,1M,11ml,500
107B17,Bromium ,1M,11ml,500
107B18,Bryonia alba ,1M,11ml,500
107B19,Bufo rana ,1M,11ml,500
107C01,Cactus grandiflorus ,1M,11ml,500
107C02,Cadmium sulphuratum ,1M,11ml,500
107C03,Cajeputum ,1M,11ml,500
107C04,Caladium seguinum ,1M,11ml,500
107C05,Calcarea Arsenicosa ,1M,11ml,500
107C06,Calcium carbonicum Hahnemanni ,1M,11ml,500
107C07,Calcarea fluorica ,1M,11ml,500
107C08,Calcarea iodata ,1M,11ml,500
107C09,Calcarea phosphorica ,1M,11ml,500
107C10,Calcarea renalis ,1M,11ml,500
107C11,Calcarea silicata ,1M,11ml,500
107C12,Calcarea sulphurica ,1M,11ml,500
107C13,Calcarea picrata ,1M,11ml,500
107C14,Calendula officinalis ,1M,11ml,500
107C16,Camphora ,1M,11ml,500
107C17,Cantharis ,1M,11ml,500
107C18,Capsicum annuum ,1M,11ml,500
107C19,Carbo animalis ,1M,11ml,500
107C20,Carboneum sulphuratum ,1M,11ml,500
107C21,Carbo vegetabilis ,1M,11ml,500
107C22,Carcinosin ,1M,11ml,500
107C23,Carduus marianus ,1M,11ml,500
107C26,Caulophyllum thalictroides ,1M,11ml,500
107C27,Causticum ,1M,11ml,500
107C28,Ceanothus americanus ,1M,11ml,500
107C29,Cedron ,1M,11ml,500
107C30,Chamomilla ,1M,11ml,500
107C32,Chelidonium majus ,1M,11ml,500
107C33,Chenopodium anthelminticum ,1M,11ml,500
107C34,Chimaphila umbellata ,1M,11ml,500
107C35,China ,1M,11ml,500
107C36,Chininum arsenicosum ,1M,11ml,500
107C37,Chininum sulphuricum ,1M,11ml,500
107C38,Chionanthus virginica ,1M,11ml,500
107C39,Cholesterinum ,1M,11ml,500
107C40,Cicuta virosa ,1M,11ml,500
107C42,Cimicifuga racemosa ,1M,11ml,500
107C43,Cina ,1M,11ml,500
107C44,Cinnabaris ,1M,11ml,500
107C45,Cistus canadensis ,1M,11ml,500
107C46,Clematis erecta ,1M,11ml,500
107C48,Cocculus indicus ,1M,11ml,500
107C49,Coccus cacti ,1M,11ml,500
107C50,Coffea cruda ,1M,11ml,500
107C51,Colchicum autumnale ,1M,11ml,500
107C53,Collinsonia canadensis ,1M,11ml,500
107C54,Colocynthis ,1M,11ml,500
107C55,Condurango ,1M,11ml,500
107C56,Conium maculatum ,1M,11ml,500
107C58,Copaiva ,1M,11ml,500
107C59,Corallium rubrum ,1M,11ml,500
107C61,Crocus sativus ,1M,11ml,500
107C62,Crotalus horridus ,1M,11ml,500
107C63,Croton tiglium ,1M,11ml,500
107C64,Cuprum arsenicosum ,1M,11ml,500
107C65,Cuprum metallicum ,1M,11ml,500
107C67,Cyclamen europaeum ,1M,11ml,500
107C73,Cuprum aceticum ,1M,11ml,500
107D01,Damiana ,1M,11ml,500
107D02,Daphne indica ,1M,11ml,500
107D03,Digitalis purpurea ,1M,11ml,500
107D04,Dioscorea villosa ,1M,11ml,500
107D06,Dolichos pruriens ,1M,11ml,500
107D07,Drosera rotundifolia ,1M,11ml,500
107D08,Dulcamara ,1M,11ml,500
107E01,Echinacea angustifolia ,1M,11ml,500
107E03,Epigaea repens ,1M,11ml,500
107E04,Equisetum hyemale ,1M,11ml,500
107E05,Erigeron canadense ,1M,11ml,500
107E06,Eupatorium perfoliatum ,1M,11ml,500
107E07,Eupatorium purpurium ,1M,11ml,500
107E08,Euphorbium ,1M,11ml,500
107E09,Euphrasia officinalis ,1M,11ml,500
107F01,Fagopyrum esculentum ,1M,11ml,500
107F02,Ferrum arsenicicum ,1M,11ml,500
107F03,Ferrum iodatum ,1M,11ml,500
107F04,Ferrum metallicum ,1M,11ml,500
107F05,Ferrum phosphoricum ,1M,11ml,500
107F06,Ferrum picricum ,1M,11ml,500
107F07,Filix mas ,1M,11ml,500
107F08,Formica rufa ,1M,11ml,500
107F10,Fucus vesiculosus ,1M,11ml,500
107G01,Gambogia ,1M,11ml,500
107G04,Gelsemium sempervirens ,1M,11ml,500
107G07,Glonoinum ,1M,11ml,500
107G09,Glycerinum ,1M,11ml,500
107G11,Gnaphalium polycephalum ,1M,11ml,500
107G12,Graphites ,1M,11ml,500
107G14,Grindelia robusta ,1M,11ml,500
107G15,Guaiacum ,1M,11ml,500
107G16,Gun powder ,1M,11ml,500
107H01,Hamamelis virginica ,1M,11ml,500
107H03,Hekla lava ,1M,11ml,500
107H04,Helleborus niger ,1M,11ml,500
107H06,Helonias dioica ,1M,11ml,500
107H08,Hepar sulphur ,1M,11ml,500
107H09,Hydrastis canadensis ,1M,11ml,500
107H10,Hydrocotyle asiatica ,1M,11ml,500
107H11,Hydrophobinum ,1M,11ml,500
107H12,Hyoscyamus niger ,1M,11ml,500
107H13,Hypericum perforatum ,1M,11ml,500
107I01,Iberis amara ,1M,11ml,500
107I02,Ignatia amara ,1M,11ml,500
107I04,Influenzinum ,1M,11ml,500
107I05,Insulinum ,1M,11ml,500
107I06,Iodium ,1M,11ml,500
107I07,Ipecacuanha ,1M,11ml,500
107I09,Iris tenax ,1M,11ml,500
107I10,Iris versicolor ,1M,11ml,500
107J01,Jaborandi ,1M,11ml,500
107J03,Jalapa ,1M,11ml,500
107J04,Jatropha curcas ,1M,11ml,500
107J05,Justicia adhatoda ,1M,11ml,500
107K01,Kali arsenicosum ,1M,11ml,500
107K02,Kali bichromicum ,1M,11ml,500
107K03,Kali bromatum ,1M,11ml,500
107K04,Kali carbonicum ,1M,11ml,500
107K05,Kali nitricum ,1M,11ml,500
107K06,Kali phosphoricum ,1M,11ml,500
107K07,Kali sulphuricum ,1M,11ml,500
107K08,Kalmia latifolia ,1M,11ml,500
107K10,Kreosotum ,1M,11ml,500
107K13,Kali iodatum ,1M,11ml,500
107K14,Kali muriaticum ,1M,11ml,500
107L01,Lac caninum ,1M,11ml,500
107L02,Lachesis ,1M,11ml,500
107L03,Lachnanthes tinctoria ,1M,11ml,500
107L04,Lac defloratum (Lac.vac.def.) ,1M,11ml,500
107L06,Lapis albus ,1M,11ml,500
107L07,Lathyrus sativus ,1M,11ml,500
107L08,Latrodectus mactans ,1M,11ml,500
107L09,Laurocerasus ,1M,11ml,500
107L10,Ledum palustre ,1M,11ml,500
107L11,Lemna minor ,1M,11ml,500
107L13,Leptandra ,1M,11ml,500
107L14,Lilium tigrinum ,1M,11ml,500
107L15,Lithium carbonicum ,1M,11ml,500
107L16,Lobelia inflata ,1M,11ml,500
107L17,Lycopodium ,1M,11ml,500
107L18,Lycopus virginicus ,1M,11ml,500
107M01,Macrotinum ,1M,11ml,500
107M02,Magnesia muriatica ,1M,11ml,500
107M03,Magnesium phosphoricum ,1M,11ml,500
107M05,Malandrinum ,1M,11ml,500
107M06,Manganum aceticum ,1M,11ml,500
107M07,Manganum metallicum ,1M,11ml,500
107M08,Medorrhinum ,1M,11ml,500
107M09,Melilotus officinalis ,1M,11ml,500
107M10,Mentha piperita ,1M,11ml,500
107M12,Mercurius corrosivus ,1M,11ml,500
107M13,Mercurius solubilis ,1M,11ml,500
107M14,Mercurius vivus ,1M,11ml,500
107M15,Mercurius iodatus flavus ,1M,11ml,500
107M16,Mercurius iodatus ruber ,1M,11ml,500
107M17,Mercurius cyanatus ,1M,11ml,500
107M18,Mercurius dulcis ,1M,11ml,500
107M19,Mezereum ,1M,11ml,500
107M20,Millefolium ,1M,11ml,500
107M22,Morbilinum ,1M,11ml,500
107M23,Moschus ,1M,11ml,500
107M26,Myristica sebifera ,1M,11ml,500
107M28,Magnesia carbonica ,1M,11ml,500
107N01,Naja tripudians ,1M,11ml,500
107N02,Naphthalinum ,1M,11ml,500
107N03,Natrum phosphoricum ,1M,11ml,500
107N04,Natrum arsenicum ,1M,11ml,500
107N05,Natrum carbonicum ,1M,11ml,500
107N06,Natrum muriaticum ,1M,11ml,500
107N08,Natrum salicylicum ,1M,11ml,500
107N09,Natrum sulphuricum ,1M,11ml,500
107N11,Nux moschata ,1M,11ml,500
107N13,Nux vomica ,1M,11ml,500
107O01,Ocimum canum ,1M,11ml,500
107O02,Oenanthe crocata ,1M,11ml,500
107O03,Oleander ,1M,11ml,500
107O04,Oleum jecoris ,1M,11ml,500
107O05,Onosmodium virginianum ,1M,11ml,500
107O06,Ornithogalum umbellatum ,1M,11ml,500
107O07,Osmium metallicum ,1M,11ml,500
107O08,Ova testa ,1M,11ml,500
107O09,Opium ,1M,11ml,500
107P01,Paeonia officinalis ,1M,11ml,500
107P05,Pertussin ,1M,11ml,500
107P06,Petroleum ,1M,11ml,500
107P07,Petroselinum sativum ,1M,11ml,500
107P08,Phosphorus ,1M,11ml,500
107P09,Physostigma venenosum ,1M,11ml,500
107P10,Phytolacca dec ,1M,11ml,500
107P11,Phytolacca berry ,1M,11ml,500
107P12,Pix liquida ,1M,11ml,500
107P13,Plantago major ,1M,11ml,500
107P14,Platinum metallicum ,1M,11ml,500
107P15,Plumbum iodatum ,1M,11ml,500
107P16,Plumbum metallicum ,1M,11ml,500
107P17,Podophyllum peltatum ,1M,11ml,500
107P18,Pothos foetidus ,1M,11ml,500
107P19,Psorinum ,1M,11ml,500
107P20,Pulsatilla ,1M,11ml,500
107P21,Pyrogenium ,1M,11ml,500
107R01,Radium Bromide ,1M,11ml,500
107R02,Ranunculus bulbosus ,1M,11ml,500
107R03,Raphanus sativus ,1M,11ml,500
107R04,Ratanhia ,1M,11ml,500
107R05,Rheum ,1M,11ml,500
107R06,Rhododendron chrysanthum ,1M,11ml,500
107R09,Rhus toxicodendron ,1M,11ml,500
107R10,Rhus venenata ,1M,11ml,500
107R11,Ricinus communis ,1M,11ml,500
107R12,Robinia pseudocacia ,1M,11ml,500
107R14,Rumex crispus ,1M,11ml,500
107R15,Ruta graveolens ,1M,11ml,500
107R16,Rosmarinus officinalis ,1M,11ml,500
107S01,Sabadilla ,1M,11ml,500
107S02,Sabal serrulata ,1M,11ml,500
107S03,Sabina ,1M,11ml,500
107S06,Sambucus canadensis ,1M,11ml,500
107S07,Sambucus nigra ,1M,11ml,500
107S08,Sanguinaria canadensis ,1M,11ml,500
107S09,Sanguinarinum Nitricum ,1M,11ml,500
107S10,Sanicula aqua ,1M,11ml,500
107S11,Santoninum ,1M,11ml,500
107S12,Sarsaparilla ,1M,11ml,500
107S14,Scirrhinum ,1M,11ml,500
107S15,Secale cornutum ,1M,11ml,500
107S17,Selenium ,1M,11ml,500
107S19,Senega ,1M,11ml,500
107S21,Sepia ,1M,11ml,500
107S22,Silicea ,1M,11ml,500
107S23,Solidago virgaurea ,1M,11ml,500
107S25,Spigelia anthelmia ,1M,11ml,500
107S26,Spongia tosta ,1M,11ml,500
107S27,Squilla ,1M,11ml,500
107S28,Stannum metallicum ,1M,11ml,500
107S29,Staphysagria ,1M,11ml,500
107S31,Sticta pulmonaria ,1M,11ml,500
107S32,Stramonium ,1M,11ml,500
107S33,Strontium carbonicum ,1M,11ml,500
107S34,Strophanthus hispidus ,1M,11ml,500
107S35,Strychninum ,1M,11ml,500
107S36,Sulphur ,1M,11ml,500
107S38,Symphytum officinale ,1M,11ml,500
107S40,Syphillinum ,1M,11ml,500
107S45,Sulphur iodatum ,1M,11ml,500
107T01,Tabacum ,1M,11ml,500
107T03,Tarentula hispana ,1M,11ml,500
107T04,Taraxacum ,1M,11ml,500
107T05,Tellurium ,1M,11ml,500
107T06,Terebinthina ,1M,11ml,500
107T07,Teucrium marum verum ,1M,11ml,500
107T09,Thallium met. ,1M,11ml,500
107T10,Theridion ,1M,11ml,500
107T11,Thiosinaminum ,1M,11ml,500
107T12,Thuja occidentalis ,1M,11ml,500
107T13,Thyroidinum ,1M,11ml,500
107T14,Titanium ,1M,11ml,500
107T15,Trillium pendulum ,1M,11ml,500
107T16,Trombidium ,1M,11ml,500
107T17,Tuberculinum Bovinum ,1M,11ml,500
107T18,Tuberculinum Koch ,1M,11ml,500
107T19,Typhoidinum ,1M,11ml,500
107T21,Thymolum ,1M,11ml,500
107U01,Uranium nitricum ,1M,11ml,500
107U02,Urea pura ,1M,11ml,500
107U03,Urtica urens ,1M,11ml,500
107U05,Ustilago maydis ,1M,11ml,500
107V01,Vaccinium Myrtillus ,1M,11ml,500
107V02,Valeriana officinalis ,1M,11ml,500
107V03,Vanadium metallicum ,1M,11ml,500
107V04,Variolinum ,1M,11ml,500
107V05,Veratrum album ,1M,11ml,500
107V06,Veratrum viride ,1M,11ml,500
107V07,Verbascum thapsus ,1M,11ml,500
107V08,Viburnum opulus ,1M,11ml,500
107V10,Vinca minor ,1M,11ml,500
107V11,Viola odorata ,1M,11ml,500
107V12,Viola tricolor ,1M,11ml,500
107V14,Viscum album ,1M,11ml,500
107W02,Wiesbaden ,1M,11ml,500
107X02,X-Ray ,1M,11ml,500
107Z01,Zincum metallicum ,1M,11ml,500
107Z02,Zincum picricum ,1M,11ml,500
107Z03,Zincum phosphoricum ,1M,11ml,500
107Z04,Zincum sulphuricum ,1M,11ml,500
107Z05,Zingiber officinale ,1M,11ml,500
108A02,Abies nigra ,10M,11ml,500
108A04,Abrotanum ,10M,11ml,500
108A07,Acidum aceticum ,10M,11ml,500
108A08,Acidum benzoicum ,10M,11ml,500
108A09,Acidum carbolicum ,10M,11ml,500
108A11,Acid fluor. ,10M,11ml,500
108A15,Acidum muriaticum ,10M,11ml,500
108A16,Acidum nitricum ,10M,11ml,500
108A18,Acidum phosphoricum ,10M,11ml,500
108A19,Acidum picricum ,10M,11ml,500
108A21,Acidum sulphuricum ,10M,11ml,500
108A23,Aconitum napellus ,10M,11ml,500
108A27,Aesculus hippocastanum ,10M,11ml,500
108A28,Aethusa cynapium ,10M,11ml,500
108A29,Agaricus muscarius ,10M,11ml,500
108A30,Agnus castus ,10M,11ml,500
108A34,Allium cepa ,10M,11ml,500
108A36,Aloe socotrina ,10M,11ml,500
108A38,Alumen ,10M,11ml,500
108A39,Alumina ,10M,11ml,500
108A40,Ambra grisea ,10M,11ml,500
108A41,Ammonium carbonicum ,10M,11ml,500
108A42,Ammonium muriaticum ,10M,11ml,500
108A46,Anacardium orientale ,10M,11ml,500
108A49,Anthracinum ,10M,11ml,500
108A51,Antimonium crudum ,10M,11ml,500
108A52,Antimonium tartaricum ,10M,11ml,500
108A53,Apis mellifica ,10M,11ml,500
108A54,Apocynum cannabinum ,10M,11ml,500
108A57,Argentum metallicum ,10M,11ml,500
108A58,Argentum nitricum ,10M,11ml,500
108A59,Arnica montana ,10M,11ml,500
108A60,Arsenicum album ,10M,11ml,500
108A62,Arsenicum iodatum ,10M,11ml,500
108A63,Arsenicum sulphuratum rubrum ,10M,11ml,500
108A64,Arsenicum sulphuratum flavum ,10M,11ml,500
108A67,Asafoetida ,10M,11ml,500
108A74,Aurum metallicum ,10M,11ml,500
108A75,Aurum muriaticum ,10M,11ml,500
108B01,Bacillinum ,10M,11ml,500
108B02,Badiaga ,10M,11ml,500
108B03,Baptisia tinctoria ,10M,11ml,500
108B04,Baryta carbonica ,10M,11ml,500
108B05,Baryta iodata ,10M,11ml,500
108B06,Baryta muriatica ,10M,11ml,500
108B07,Baryta phosphorica ,10M,11ml,500
108B08,Belladonna ,10M,11ml,500
108B09,Bellis perennis ,10M,11ml,500
108B11,Berberis vulgaris ,10M,11ml,500
108B13,Blatta orientalis ,10M,11ml,500
108B14,Borax ,10M,11ml,500
108B16,Bovista ,10M,11ml,500
108B18,Bryonia alba ,10M,11ml,500
108B19,Bufo rana ,10M,11ml,500
108C01,Cactus grandiflorus ,10M,11ml,500
108C04,Caladium seguinum ,10M,11ml,500
108C06,Calcium carbonicum Hahnemanni ,10M,11ml,500
108C07,Calcarea fluorica ,10M,11ml,500
108C08,Calcarea iodata ,10M,11ml,500
108C09,Calcarea phosphorica ,10M,11ml,500
108C11,Calcarea silicata ,10M,11ml,500
108C12,Calcarea sulphurica ,10M,11ml,500
108C14,Calendula officinalis ,10M,11ml,500
108C17,Cantharis ,10M,11ml,500
108C18,Capsicum annuum ,10M,11ml,500
108C19,Carbo animalis ,10M,11ml,500
108C21,Carbo vegetabilis ,10M,11ml,500
108C22,Carcinosin ,10M,11ml,500
108C26,Caulophyllum thalictroides ,10M,11ml,500
108C27,Causticum ,10M,11ml,500
108C30,Chamomilla ,10M,11ml,500
108C32,Chelidonium majus ,10M,11ml,500
108C35,China ,10M,11ml,500
108C36,Chininum arsenicosum ,10M,11ml,500
108C37,Chininum sulphuricum ,10M,11ml,500
108C39,Cholesterinum ,10M,11ml,500
108C40,Cicuta virosa ,10M,11ml,500
108C42,Cimicifuga racemosa ,10M,11ml,500
108C43,Cina ,10M,11ml,500
108C44,Cinnabaris ,10M,11ml,500
108C45,Cistus canadensis ,10M,11ml,500
108C46,Clematis erecta ,10M,11ml,500
108C48,Cocculus indicus ,10M,11ml,500
108C49,Coccus cacti ,10M,11ml,500
108C50,Coffea cruda ,10M,11ml,500
108C51,Colchicum autumnale ,10M,11ml,500
108C53,Collinsonia canadensis ,10M,11ml,500
108C54,Colocynthis ,10M,11ml,500
108C56,Conium maculatum ,10M,11ml,500
108C62,Crotalus horridus ,10M,11ml,500
108C63,Croton tiglium ,10M,11ml,500
108C65,Cuprum metallicum ,10M,11ml,500
108C67,Cyclamen europaeum ,10M,11ml,500
108D01,Damiana ,10M,11ml,500
108D03,Digitalis purpurea ,10M,11ml,500
108D04,Dioscorea villosa ,10M,11ml,500
108D06,Dolichos pruriens ,10M,11ml,500
108D07,Drosera rotundifolia ,10M,11ml,500
108D08,Dulcamara ,10M,11ml,500
108E01,Echinacea angustifolia ,10M,11ml,500
108E06,Eupatorium perfoliatum ,10M,11ml,500
108E08,Euphorbium ,10M,11ml,500
108E09,Euphrasia officinalis ,10M,11ml,500
108F03,Ferrum iodatum ,10M,11ml,500
108F04,Ferrum metallicum ,10M,11ml,500
108F05,Ferrum phosphoricum ,10M,11ml,500
108G04,Gelsemium sempervirens ,10M,11ml,500
108G07,Glonoinum ,10M,11ml,500
108G11,Gnaphalium polycephalum ,10M,11ml,500
108G12,Graphites ,10M,11ml,500
108G14,Grindelia robusta ,10M,11ml,500
108G15,Guaiacum ,10M,11ml,500
108G16,Gun powder ,10M,11ml,500
108H01,Hamamelis virginica ,10M,11ml,500
108H03,Hekla lava ,10M,11ml,500
108H04,Helleborus niger ,10M,11ml,500
108H08,Hepar sulphur ,10M,11ml,500
108H09,Hydrastis canadensis ,10M,11ml,500
108H10,Hydrocotyle asiatica ,10M,11ml,500
108H11,Hydrophobinum ,10M,11ml,500
108H12,Hyoscyamus niger ,10M,11ml,500
108H13,Hypericum perforatum ,10M,11ml,500
108I02,Ignatia amara ,10M,11ml,500
108I04,Influenzinum ,10M,11ml,500
108I05,Insulinum ,10M,11ml,500
108I06,Iodium ,10M,11ml,500
108I07,Ipecacuanha ,10M,11ml,500
108I10,Iris versicolor ,10M,11ml,500
108J01,Jaborandi ,10M,11ml,500
108K01,Kali arsenicosum ,10M,11ml,500
108K02,Kali bichromicum ,10M,11ml,500
108K03,Kali bromatum ,10M,11ml,500
108K04,Kali carbonicum ,10M,11ml,500
108K06,Kali phosphoricum ,10M,11ml,500
108K07,Kali sulphuricum ,10M,11ml,500
108K08,Kalmia latifolia ,10M,11ml,500
108K10,Kreosotum ,10M,11ml,500
108K13,Kali iodatum ,10M,11ml,500
108K14,Kali muriaticum ,10M,11ml,500
108L01,Lac caninum ,10M,11ml,500
108L02,Lachesis ,10M,11ml,500
108L03,Lachnanthes tinctoria ,10M,11ml,500
108L04,Lac defloratum (Lac.vac.def.) ,10M,11ml,500
108L06,Lapis albus ,10M,11ml,500
108L07,Lathyrus sativus ,10M,11ml,500
108L10,Ledum palustre ,10M,11ml,500
108L11,Lemna minor ,10M,11ml,500
108L14,Lilium tigrinum ,10M,11ml,500
108L17,Lycopodium ,10M,11ml,500
108M03,Magnesium phosphoricum ,10M,11ml,500
108M05,Malandrinum ,10M,11ml,500
108M08,Medorrhinum ,10M,11ml,500
108M09,Melilotus officinalis ,10M,11ml,500
108M12,Mercurius corrosivus ,10M,11ml,500
108M13,Mercurius solubilis ,10M,11ml,500
108M15,Mercurius iodatus flavus ,10M,11ml,500
108M16,Mercurius iodatus ruber ,10M,11ml,500
108M19,Mezereum ,10M,11ml,500
108M20,Millefolium ,10M,11ml,500
108M22,Morbilinum ,10M,11ml,500
108M28,Magnesia carbonica ,10M,11ml,500
108N03,Natrum phosphoricum ,10M,11ml,500
108N05,Natrum carbonicum ,10M,11ml,500
108N06,Natrum muriaticum ,10M,11ml,500
108N09,Natrum sulphuricum ,10M,11ml,500
108N11,Nux moschata ,10M,11ml,500
108N13,Nux vomica ,10M,11ml,500
108O04,Oleum jecoris ,10M,11ml,500
108O05,Onosmodium virginianum ,10M,11ml,500
108O09,Opium ,10M,11ml,500
108P06,Petroleum ,10M,11ml,500
108P08,Phosphorus ,10M,11ml,500
108P09,Physostigma venenosum ,10M,11ml,500
108P10,Phytolacca dec ,10M,11ml,500
108P13,Plantago major ,10M,11ml,500
108P14,Platinum metallicum ,10M,11ml,500
108P16,Plumbum metallicum ,10M,11ml,500
108P17,Podophyllum peltatum ,10M,11ml,500
108P19,Psorinum ,10M,11ml,500
108P20,Pulsatilla ,10M,11ml,500
108P21,Pyrogenium ,10M,11ml,500
108R01,Radium Bromide ,10M,11ml,500
108R02,Ranunculus bulbosus ,10M,11ml,500
108R04,Ratanhia ,10M,11ml,500
108R05,Rheum ,10M,11ml,500
108R06,Rhododendron chrysanthum ,10M,11ml,500
108R09,Rhus toxicodendron ,10M,11ml,500
108R12,Robinia pseudocacia ,10M,11ml,500
108R15,Ruta graveolens ,10M,11ml,500
108S01,Sabadilla ,10M,11ml,500
108S02,Sabal serrulata ,10M,11ml,500
108S03,Sabina ,10M,11ml,500
108S07,Sambucus nigra ,10M,11ml,500
108S08,Sanguinaria canadensis ,10M,11ml,500
108S09,Sanguinarinum Nitricum ,10M,11ml,500
108S11,Santoninum ,10M,11ml,500
108S12,Sarsaparilla ,10M,11ml,500
108S15,Secale cornutum ,10M,11ml,500
108S17,Selenium ,10M,11ml,500
108S21,Sepia ,10M,11ml,500
108S22,Silicea ,10M,11ml,500
108S25,Spigelia anthelmia ,10M,11ml,500
108S26,Spongia tosta ,10M,11ml,500
108S28,Stannum metallicum ,10M,11ml,500
108S29,Staphysagria ,10M,11ml,500
108S32,Stramonium ,10M,11ml,500
108S36,Sulphur ,10M,11ml,500
108S38,Symphytum officinale ,10M,11ml,500
108S40,Syphillinum ,10M,11ml,500
108T01,Tabacum ,10M,11ml,500
108T03,Tarentula hispana ,10M,11ml,500
108T05,Tellurium ,10M,11ml,500
108T06,Terebinthina ,10M,11ml,500
108T07,Teucrium marum verum ,10M,11ml,500
108T12,Thuja occidentalis ,10M,11ml,500
108T13,Thyroidinum ,10M,11ml,500
108T14,Titanium ,10M,11ml,500
108T17,Tuberculinum Bovinum ,10M,11ml,500
108T18,Tuberculinum Koch ,10M,11ml,500
108T19,Typhoidinum ,10M,11ml,500
108U01,Uranium nitricum ,10M,11ml,500
108U03,Urtica urens ,10M,11ml,500
108V04,Variolinum ,10M,11ml,500
108V05,Veratrum album ,10M,11ml,500
108V14,Viscum album ,10M,11ml,500
108W02,Wiesbaden ,10M,11ml,500
108X02,X-Ray ,10M,11ml,500
108Z01,Zincum metallicum ,10M,11ml,500
108Z04,Zincum sulphuricum ,10M,11ml,500
109A08,Acidum benzoicum ,50M,11ml,500
109A11,Acid fluor. ,50M,11ml,500
109A13,Acidum hydrocyanicum ,50M,11ml,500
109A16,Acidum nitricum ,50M,11ml,500
109A18,Acidum phosphoricum ,50M,11ml,500
109A23,Aconitum napellus ,50M,11ml,500
109A27,Aesculus hippocastanum ,50M,11ml,500
109A30,Agnus castus ,50M,11ml,500
109A36,Aloe socotrina ,50M,11ml,500
109A39,Alumina ,50M,11ml,500
109A46,Anacardium orientale ,50M,11ml,500
109A50,Antimonium arsenicicum ,50M,11ml,500
109A51,Antimonium crudum ,50M,11ml,500
109A52,Antimonium tartaricum ,50M,11ml,500
109A53,Apis mellifica ,50M,11ml,500
109A57,Argentum metallicum ,50M,11ml,500
109A58,Argentum nitricum ,50M,11ml,500
109A59,Arnica montana ,50M,11ml,500
109A60,Arsenicum album ,50M,11ml,500
109A63,Arsenicum sulphuratum rubrum ,50M,11ml,500
109A64,Arsenicum sulphuratum flavum ,50M,11ml,500
109A74,Aurum metallicum ,50M,11ml,500
109B01,Bacillinum ,50M,11ml,500
109B04,Baryta carbonica ,50M,11ml,500
109B08,Belladonna ,50M,11ml,500
109B14,Borax ,50M,11ml,500
109B18,Bryonia alba ,50M,11ml,500
109C06,Calcium carbonicum Hahnemanni ,50M,11ml,500
109C07,Calcarea fluorica ,50M,11ml,500
109C08,Calcarea iodata ,50M,11ml,500
109C09,Calcarea phosphorica ,50M,11ml,500
109C12,Calcarea sulphurica ,50M,11ml,500
109C17,Cantharis ,50M,11ml,500
109C21,Carbo vegetabilis ,50M,11ml,500
109C22,Carcinosin ,50M,11ml,500
109C27,Causticum ,50M,11ml,500
109C32,Chelidonium majus ,50M,11ml,500
109C35,China ,50M,11ml,500
109C43,Cina ,50M,11ml,500
109C54,Colocynthis ,50M,11ml,500
109C56,Conium maculatum ,50M,11ml,500
109D08,Dulcamara ,50M,11ml,500
109F05,Ferrum phosphoricum ,50M,11ml,500
109G04,Gelsemium sempervirens ,50M,11ml,500
109G07,Glonoinum ,50M,11ml,500
109G12,Graphites ,50M,11ml,500
109H08,Hepar sulphur ,50M,11ml,500
109H09,Hydrastis canadensis ,50M,11ml,500
109H10,Hydrocotyle asiatica ,50M,11ml,500
109H12,Hyoscyamus niger ,50M,11ml,500
109H13,Hypericum perforatum ,50M,11ml,500
109I02,Ignatia amara ,50M,11ml,500
109I06,Iodium ,50M,11ml,500
109I07,Ipecacuanha ,50M,11ml,500
109K02,Kali bichromicum ,50M,11ml,500
109K03,Kali bromatum ,50M,11ml,500
109K06,Kali phosphoricum ,50M,11ml,500
109K08,Kalmia latifolia ,50M,11ml,500
109L02,Lachesis ,50M,11ml,500
109L07,Lathyrus sativus ,50M,11ml,500
109L10,Ledum palustre ,50M,11ml,500
109L17,Lycopodium ,50M,11ml,500
109M03,Magnesium phosphoricum ,50M,11ml,500
109M08,Medorrhinum ,50M,11ml,500
109M12,Mercurius corrosivus ,50M,11ml,500
109M13,Mercurius solubilis ,50M,11ml,500
109M16,Mercurius iodatus ruber ,50M,11ml,500
109M19,Mezereum ,50M,11ml,500
109N03,Natrum phosphoricum ,50M,11ml,500
109N05,Natrum carbonicum ,50M,11ml,500
109N06,Natrum muriaticum ,50M,11ml,500
109N09,Natrum sulphuricum ,50M,11ml,500
109N11,Nux moschata ,50M,11ml,500
109N13,Nux vomica ,50M,11ml,500
109O05,Onosmodium virginianum ,50M,11ml,500
109O09,Opium ,50M,11ml,500
109P06,Petroleum ,50M,11ml,500
109P08,Phosphorus ,50M,11ml,500
109P10,Phytolacca dec ,50M,11ml,500
109P16,Plumbum metallicum ,50M,11ml,500
109P17,Podophyllum peltatum ,50M,11ml,500
109P19,Psorinum ,50M,11ml,500
109P20,Pulsatilla ,50M,11ml,500
109R06,Rhododendron chrysanthum ,50M,11ml,500
109R09,Rhus toxicodendron ,50M,11ml,500
109R15,Ruta graveolens ,50M,11ml,500
109S08,Sanguinaria canadensis ,50M,11ml,500
109S17,Selenium ,50M,11ml,500
109S21,Sepia ,50M,11ml,500
109S22,Silicea ,50M,11ml,500
109S26,Spongia tosta ,50M,11ml,500
109S29,Staphysagria ,50M,11ml,500
109S32,Stramonium ,50M,11ml,500
109S36,Sulphur ,50M,11ml,500
109S38,Symphytum officinale ,50M,11ml,500
109S40,Syphillinum ,50M,11ml,500
109T07,Teucrium marum verum ,50M,11ml,500
109T12,Thuja occidentalis ,50M,11ml,500
109T13,Thyroidinum ,50M,11ml,500
109T17,Tuberculinum Bovinum ,50M,11ml,500
109T18,Tuberculinum Koch ,50M,11ml,500
200A04,Abrotanum #,MT,20ml,500
200A05,Absinthium #,MT,20ml,500
200A18,Acidum phosphoricum ,MT,20ml,500
200A23,Aconitum napellus ,MT,20ml,500
200A24,Actaea spicata ##,MT,20ml,500
200A25,Adonis vernalis ,MT,20ml,500
200A27,Aesculus hippocastanum ,MT,20ml,500
200A29,Agaricus muscarius #,MT,20ml,500
200A30,Agnus castus ,MT,20ml,500
200A32,Aletris farinosa #,MT,20ml,500
200A33,Alfalfa ,MT,20ml,500
200A35,Allium sativum #,MT,20ml,500
200A36,Aloe #,MT,20ml,500
200A47,Angelica archengelica ##,MT,20ml,500
200A53,Apis mell #,MT,20ml,500
200A54,Apocynum cannabinum ,MT,20ml,500
200A55,Aralia racemosa ##,MT,20ml,500
200A59,Arnica montana #,MT,20ml,500
200A65,Artemisia vulgaris ,MT,20ml,500
200A69,Aspidosperma ##,MT,20ml,500
200A71,Ashwagandha (Withania somnifera) ##,MT,20ml,500
200A78,Avena sativa ,MT,20ml,500
200A79,Ammi visnaga ,MT,20ml,500
200A80,Azadirachta indica ,MT,20ml,500
200B03,Baptisia tinctoria #,MT,20ml,500
200B08,Belladonna ,MT,20ml,500
200B09,Bellis perennis ,MT,20ml,500
200B10,Berberis aquifolium #,MT,20ml,500
200B11,Berberis vulgaris ,MT,20ml,500
200B13,Blatta orientalis ###,MT,20ml,500
200B14,Borax ,MT,20ml,500
200B18,Bryonia alba ,MT,20ml,500
200B19,Bacopa monieri (Brahmi) ,MT,20ml,500
200C01,Cactus grandiflorus #,MT,20ml,500
200C04,Caladium seguinum ###,MT,20ml,500
200C14,Calendula officinalis ,MT,20ml,500
200C15,Calotropis gigantea (Madar) #,MT,20ml,500
200C16,Camphora ,MT,20ml,500
200C23,Carduus marianus ,MT,20ml,500
200C24,Carica papaya ##,MT,20ml,500
200C25,Cascara sagrada #,MT,20ml,500
200C26,Caulophyllum thalictroides #,MT,20ml,500
200C28,Ceanothus americanus #,MT,20ml,500
200C32,Chelidonium majus ,MT,20ml,500
200C33,Chenopodium anthelminticum #,MT,20ml,500
200C34,Chimaphila umbellata #,MT,20ml,500
200C35,China (Cinchona officinalis) ,MT,20ml,500
200C38,Chionanthus virginica #,MT,20ml,500
200C42,Cimicifuga racemosa #,MT,20ml,500
200C43,Cina ##,MT,20ml,500
200C51,Colchicum autumnale ##,MT,20ml,500
200C53,Collinsonia canadensis #,MT,20ml,500
200C54,Colocynthis ,MT,20ml,500
200C55,Condurango ,MT,20ml,500
200C56,Conium maculatum #,MT,20ml,500
200C57,Convallaria majalis #,MT,20ml,500
200C60,Crataegus oxyacantha ,MT,20ml,500
200C64,Curcuma longa ,MT,20ml,500
200C65,Cephalandra indica ,MT,20ml,500
200C68,Chelone glabra ##,MT,20ml,500
200D01,Damiana ,MT,20ml,500
200D03,Digitalis purpurea ,MT,20ml,500
200D04,Dioscorea villosa #,MT,20ml,500
200E01,Echinacea angustifolia #,MT,20ml,500
200E04,Equisetum hyemale ##,MT,20ml,500
200E05,Erigeron canadense ##,MT,20ml,500
200E06,Eupatorium perfoliatum #,MT,20ml,500
200E07,Echinacea purpurea #,MT,20ml,500
200E09,Euphrasia officinalis ,MT,20ml,500
200F07,Filix mas #,MT,20ml,500
200F09,Fraxinus americana #,MT,20ml,500
200F10,Fucus vesiculosus ,MT,20ml,500
200G02,Galium aparine ##,MT,20ml,500
200G03,Gaultheria procumbens #,MT,20ml,500
200G04,Gelsemium sempervirens #,MT,20ml,500
200G05,Gentiana lutea ##,MT,20ml,500
200G06,Ginseng #,MT,20ml,500
200G08,Gossypium herbaceum #,MT,20ml,500
200G14,Grindelia robusta ##,MT,20ml,500
200G15,Guaiacum ##,MT,20ml,500
200G16,Gingko biloba ###,MT,20ml,500
200G17,Gymnema sylvestre ,MT,20ml,500
200H01,Hamamelis virginica #,MT,20ml,500
200H02,Hedera helix ##,MT,20ml,500
200H04,Helleborus niger #,MT,20ml,500
200H06,Helonias dioica #,MT,20ml,500
200H07,Hydrangea arborescens ##,MT,20ml,500
200H10,Hydrocotyle asiatica ,MT,20ml,500
200H12,Hyoscyamus niger #,MT,20ml,500
200H13,Hypericum perforatum #,MT,20ml,500
200I01,Iberis amara #,MT,20ml,500
200I02,Ignatia amara #,MT,20ml,500
200I06,Iodium #,MT,20ml,500
200I07,Ipecacuanha #,MT,20ml,500
200I10,Iris versicolor #,MT,20ml,500
200J01,Jaborandi ,MT,20ml,500
200J02,Janosia ashoka #,MT,20ml,500
200J05,Justicia adhatoda ,MT,20ml,500
200K09,Kalmegh (Andrographis paniculata) ##,MT,20ml,500
200L07,Lathyrus sativus #,MT,20ml,500
200L10,Ledum palustre ,MT,20ml,500
200L11,Lemna minor #,MT,20ml,500
200L12,Liatris spicata ##,MT,20ml,500
200L14,Lilium tigrinum #,MT,20ml,500
200L16,Lobelia inflata ##,MT,20ml,500
200L17,Lycopodium clavatum ,MT,20ml,500
200L18,Lycopus virginicus #,MT,20ml,500
200M09,Melilotus officinalis #,MT,20ml,500
200M20,Millefolium #,MT,20ml,500
200M21,Mullein Oil ##,MT,20ml,500
200M25,Myrica cerifera ##,MT,20ml,500
200M26,Myristica sebif ####,MT,20ml,500
200N12,Nuphar luteum ##,MT,20ml,500
200N13,Nux vomica ,MT,20ml,500
200O01,Ocimum canum ,MT,20ml,500
200O02,Oenanthe crocata #,MT,20ml,500
200O06,Ornithogalum umbellatum ##,MT,20ml,500
200P03,Pareira brava ,MT,20ml,500
200P04,Passiflora incarnata #,MT,20ml,500
200P10,Phytolacca (Phytolacca decandra) ,MT,20ml,500
200P11,Phytolacca berry #,MT,20ml,500
200P13,Plantago major ,MT,20ml,500
200P17,Podophyllum peltatum ##,MT,20ml,500
200P18,Pothos foetidus ##,MT,20ml,500
200P20,Pulsatilla nigricans #,MT,20ml,500
200P28,Pinus lamb. ####,MT,20ml,500
200Q01,Quercus e gland #,MT,20ml,500
200R04,Ratanhia #,MT,20ml,500
200R07,Rauvolfia serpentina ##,MT,20ml,500
200R08,Rhus aromatica ####,MT,20ml,500
200R09,Rhus toxicodendron #,MT,20ml,500
200R11,Ricinus communis #,MT,20ml,500
200R12,Robinia pseudocacia #,MT,20ml,500
200R13,Rubia tinctorum ##,MT,20ml,500
200R14,Rumex crispus #,MT,20ml,500
200R15,Ruta graveolens ,MT,20ml,500
200S02,Sabal serrulata ,MT,20ml,500
200S03,Sabina #,MT,20ml,500
200S04,Salix nigra ###,MT,20ml,500
200S08,Sanguinaria canadensis ##,MT,20ml,500
200S12,Sarsaparilla ,MT,20ml,500
200S13,Scrophularia nodosa #,MT,20ml,500
200S15,Secale cornutum ,MT,20ml,500
200S16,Sempervivum tectorum ##,MT,20ml,500
200S19,Senega ,MT,20ml,500
200S23,Solidago virgaurea ,MT,20ml,500
200S24,Spartium scoparium ##,MT,20ml,500
200S25,Spigelia #,MT,20ml,500
200S29,Staphysagria ##,MT,20ml,500
200S30,Sterculia (Cola) #,MT,20ml,500
200S34,Strophanthus Hispidus #,MT,20ml,500
200S38,Symphytum officinale #,MT,20ml,500
200S39,Syzygium jambolanum ,MT,20ml,500
200S42,Stellaria media ##,MT,20ml,500
200T07,Teucrium marum virum ##,MT,20ml,500
200T08,Thlaspi bursa pastoris #,MT,20ml,500
200T12,Thuja occidentalis ,MT,20ml,500
200T15,Trillium pendulum #,MT,20ml,500
200T22,Tribulus terrestris #,MT,20ml,500
200U03,Urtica urens ,MT,20ml,500
200U04,Usnea barbata #,MT,20ml,500
200U05,Ustilago maydis ,MT,20ml,500
200U06,Uva ursi ##,MT,20ml,500
200V02,Valeriana officinalis ##,MT,20ml,500
200V07,Verbascum thaspus ,MT,20ml,500
200V08,Viburnum opulus ,MT,20ml,500
200V09,Viburnum prunifolium #,MT,20ml,500
200V10,Vinca minor #,MT,20ml,500
200V14,Viscum album ,MT,20ml,500
200X01,Xanthozylum fraxineum #,MT,20ml,500
200Y01,Yerba santa (Eriodictyon glutinosum) ##,MT,20ml,500
200Y02,Yohimbinum ###,MT,20ml,500
201A01,Aalserum 7x ,LP,20ml,500
201A21,Acidum sulphuricum 2x ,LP,20ml,500
201A44,Amyl nitrosum 3x ,LP,20ml,500
201C27,Causticum 2X ,LP,20ml,500
201E03,Epigaea repens 2x ,LP,20ml,500
201F08,Formica rufa 3x ,LP,20ml,500
201G07,Glonoinum 3x ,LP,20ml,500
201K10,Kreosotum 3x ,LP,20ml,500
201S18,Senecio aureus 2x ,LP,20ml,500
201S26,Spongia tosta 2x ,LP,20ml,500
300C01,BC 1 ,BC,20gm,500
300C02,BC 2 ,BC,20gm,500
300C03,BC 3 ,BC,20gm,500
300C04,BC 4 ,BC,20gm,500
300C05,BC 5 ,BC,20gm,500
300C06,BC 6 ,BC,20gm,500
300C07,BC 7 ,BC,20gm,500
300C08,BC 8 ,BC,20gm,500
300C09,BC 9 ,BC,20gm,500
300C10,BC 10 ,BC,20gm,500
300C11,BC 11 ,BC,20gm,500
300C12,BC 12 ,BC,20gm,500
300C13,BC 13 ,BC,20gm,500
300C14,BC 14 ,BC,20gm,500
300C15,BC 15 ,BC,20gm,500
300C16,BC 16 ,BC,20gm,500
300C17,BC 17 ,BC,20gm,500
300C18,BC 18 ,BC,20gm,500
300C19,BC 19 ,BC,20gm,500
300C20,BC 20 ,BC,20gm,500
300C21,BC 21 ,BC,20gm,500
300C22,BC 22 ,BC,20gm,500
300C23,BC 23 ,BC,20gm,500
300C24,BC 24 ,BC,20gm,500
300C25,BC 25 ,BC,20gm,500
300C26,BC 26 ,BC,20gm,500
300C27,BC 27 ,BC,20gm,500
300C28,BC 28 ,BC,20gm,500
301B01,Calcarea fluorica ,3X,20gm,500
301B02,Calcarea phosphorica ,3X,20gm,500
301B03,Ferrum phosphoricum ,3X,20gm,500
301B04,Kali muriaticum ,3X,20gm,500
301B05,Kali phosphoricum ,3X,20gm,500
301B06,Kali sulphuricum ,3X,20gm,500
301B07,Magnesium phosphoricum ,3X,20gm,500
301B08,Natrum muriaticum ,3X,20gm,500
301B09,Natrum phosphoricum ,3X,20gm,500
301B10,Natrum sulphuricum ,3X,20gm,500
301B11,Silicea ,3X,20gm,500
301B12,Calcarea sulphurica ,3X,20gm,500
301F13,Five phosph. ,3X,20gm,500
302B01,Calcarea fluorica ,6X,20gm,500
302B02,Calcarea phosphorica ,6X,20gm,500
302B03,Ferrum phosphoricum ,6X,20gm,500
302B04,Kali muriaticum ,6X,20gm,500
302B05,Kali phosphoricum ,6X,20gm,500
302B06,Kali sulphuricum ,6X,20gm,500
302B07,Magnesium phosphoricum ,6X,20gm,500
302B08,Natrum muriaticum ,6X,20gm,500
302B09,Natrum phosphoricum ,6X,20gm,500
302B10,Natrum sulphuricum ,6X,20gm,500
302B11,Silicea ,6X,20gm,500
302B12,Calcarea sulphurica ,6X,20gm,500
302F13,Five phosph. ,6X,20gm,500
303B01,Calcarea fluorica ,12X,20gm,500
303B02,Calcarea phosphorica ,12X,20gm,500
303B03,Ferrum phosphoricum ,12X,20gm,500
303B04,Kali muriaticum ,12X,20gm,500
303B05,Kali phosphoricum ,12X,20gm,500
303B06,Kali sulphuricum ,12X,20gm,500
303B07,Magnesium phosphoricum ,12X,20gm,500
303B08,Natrum muriaticum ,12X,20gm,500
303B09,Natrum phosphoricum ,12X,20gm,500
303B10,Natrum sulphuricum ,12X,20gm,500
303B11,Silicea ,12X,20gm,500
303B12,Calcarea sulphurica ,12X,20gm,500
303F13,Five phosph. ,12X,20gm,500
304B01,Calcarea fluorica ,30X,20gm,500
304B02,Calcarea phosphorica ,30X,20gm,500
304B03,Ferrum phosphoricum ,30X,20gm,500
304B04,Kali muriaticum ,30X,20gm,500
304B05,Kali phosphoricum ,30X,20gm,500
304B06,Kali sulphuricum ,30X,20gm,500
304B07,Magnesium phosphoricum ,30X,20gm,500
304B08,Natrum muriaticum ,30X,20gm,500
304B09,Natrum phosphoricum ,30X,20gm,500
304B10,Natrum sulphuricum ,30X,20gm,500
304B11,Silicea ,30X,20gm,500
304B12,Calcarea sulphurica ,30X,20gm,500
304F13,Five phosph. ,30X,20gm,500
305B01,Calcarea fluorica ,200X,20gm,500
305B02,Calcarea phosphorica ,200X,20gm,500
305B03,Ferrum phosphoricum ,200X,20gm,500
305B04,Kali muriaticum ,200X,20gm,500
305B05,Kali phosphoricum ,200X,20gm,500
305B06,Kali sulphuricum ,200X,20gm,500
305B07,Magnesium phosphoricum ,200X,20gm,500
305B08,Natrum muriaticum ,200X,20gm,500
305B09,Natrum phosphoricum ,200X,20gm,500
305B10,Natrum sulphuricum ,200X,20gm,500
305B11,Silicea ,200X,20gm,500
305B12,Calcarea sulphurica ,200X,20gm,500
301H01,Baryta Carbonica ,3X,20gm,500
301H02,Calcarea Hypophosphorosa ,3X,20gm,500
301H03,Carbo vegetabilis ,3X,20gm,500
301H04,Cholesterinum ,3X,20gm,500
301H05,Fel tauri ,3X,20gm,500
301H06,Gun powder ,3X,20gm,500
301H08,Insulinum ,10X,20gm,500
301H09,Ova testa (Calcarea ova testa) ,3X,20gm,500
301H10,Pancreatinum ,3X,20gm,500
301H11,Phytolacca berry ,3X,20gm,500
301H12,Anacardium orientale ,3X,20gm,500
301H14,Arsenicum iodatum ,6X,20gm,500
301H15,Arsenicum sulphuratum flavum ,4x,20gm,500
301H16,Baryta muriatica ,3X,20gm,500
301H17,Borax ,3X,20gm,500
301H18,Calcarea carbonica ,3X,20gm,500
301H19,Calcarea iodata ,3X,20gm,500
301H20,Calcarea oxalica ,3X,20gm,500
301H22,Chininum sulphuricum ,3X,20gm,500
301H24,Ferrum Muriaticum ,3X,20gm,500
301H25,Ferrum metallicum ,3X,20gm,500
301H26,Graphites ,3X,20gm,500
301H27,Hekla Lava ,3X,20gm,500
301H29,Kali bromatum ,3X,20gm,500
301H30,Kali iodatum ,3X,20gm,500
301H31,Lecithinum ,3X,20gm,500
301H33,Oleum Jecoris ,3X,20gm,500
301H34,Plumbum metallicum ,3X,20gm,500
301H35,Sanguinaria canadensis ,3X,20gm,500
301H37,Selenium ,3X,20gm,500
301H38,Testes Siccati ,3X,20gm,500
301H39,Thyroidinum ,3X,20gm,500
301H40,Titanium ,3X,20gm,500
301H41,Yohimbinum ,3X,20gm,500
301H42,Aurum muriaticum natronatum ,6x,20gm,500
302H15,Arsenicum sulphuratum flavum ,6X,20gm,500
400R01,R1 ,RN,22ml,500
400R02,R2 ,RN,22ml,500
400R03,R3 ,RN,22ml,500
400R04,R4 ,RN,22ml,500
400R05,R5 ,RN,22ml,500
400R06,R6 ,RN,22ml,500
400R07,R7 ,RN,22ml,500
400R09,R9 ,RN,22ml,500
400R10,R10 ,RN,22ml,500
400R11,R11 ,RN,22ml,500
400R12,R12 ,RN,22ml,500
400R13,R13 ,RN,22ml,500
400R14,R14 ,RN,22ml,500
400R16,R16 ,RN,22ml,500
400R17,R17 ,RN,22ml,500
400R18,R18 ,RN,22ml,500
400R19,R19 ,RN,22ml,500
400R20,R20 ,RN,22ml,500
400R21,R21 ,RN,22ml,500
400R22,R22 ,RN,22ml,500
400R23,R23 ,RN,22ml,500
400R24,R24 ,RN,22ml,500
400R25,R25 ,RN,22ml,500
400R26,R26 ,RN,22ml,500
400R27,R27 ,RN,22ml,500
400R28,R28 ,RN,22ml,500
400R29,R29 ,RN,22ml,500
400R31,R31 ,RN,22ml,500
400R32,R32 ,RN,22ml,500
400R33,R33 ,RN,22ml,500
400R34,R34 ,RN,22ml,500
400R35,R35 ,RN,22ml,500
400R36,R36 ,RN,22ml,500
400R37,R37 ,RN,22ml,500
400R38,R38 ,RN,22ml,500
400R39,R39 ,RN,22ml,500
400R40,R40 ,RN,22ml,500
400R41,R41 ,RN,22ml,500
400R42,R42 ,RN,22ml,500
400R43,R43 ,RN,22ml,500
400R44,R44 ,RN,22ml,500
400R45,R45 ,RN,22ml,500
400R46,R46 ,RN,22ml,500
400R47,R47 ,RN,22ml,500
400R48,R48 ,RN,22ml,500
400R49,R49 ,RN,22ml,500
400R50,R50 ,RN,22ml,500
400R51,R51 ,RN,22ml,500
400R52,R52 ,RN,22ml,500
400R53,R53 ,RN,22ml,500
400R54,R54 ,RN,22ml,500
400R55,R55 ,RN,22ml,500
400R56,R56 ,RN,22ml,500
400R57,R57 ,RN,22ml,500
400R58,R58 ,RN,22ml,500
400R59,R59 ,RN,22ml,500
400R60,R60 ,RN,22ml,500
400R62,R62 ,RN,22ml,500
400R63,R63 ,RN,22ml,500
400R64,R64 ,RN,22ml,500
400R65,R65 ,RN,22ml,500
400R66,R66 ,RN,22ml,500
400R67,R67 ,RN,22ml,500
400R68,R68 ,RN,22ml,500
400R69,R69 ,RN,22ml,500
400R70,R70 ,RN,22ml,500
400R71,R71 ,RN,22ml,500
400R72,R72 ,RN,22ml,500
400R73,R73 ,RN,22ml,500
400R74,R74 ,RN,22ml,500
400R75,R75 ,RN,22ml,500
400R76,R76 ,RN,22ml,500
400R77,R77 ,RN,22ml,500
400R78,R78 ,RN,22ml,500
400R81,R81 ,RN,22ml,500
490R88,R88 ,RN,30ml,500
400R89,R89,RN,22ml,500
410R95,ALFALFA TONIC 100ML ,SYRUP,100ml,500
430R95,ALFALFA TONIC 250ML ,SYRUP,250ml,500
440R95,ALFALFA TONIC 500ML ,SYRUP,500ml,500
420R08,R8 J U C ,SYRUP,150ml,500
430R15,VITA C ,SYRUP,250ml,500
450R15,VITA C FORTE ,SYRUP,12X10ml,500
460R30,R30/85GM ,SYRUP,85gm,500
420R31,R131 Carduus Hepatic Tonic,SYRUP,150ml,500
400R91,R184 ,RN,22ml,500
400R92,R188 ,RN,22ml,500
400R93,R191 ,RN,22ml,500
400R94,R193 ,RN,22ml,500
400R97,Damia Gold ,RN,22ml,500
470R96,R96 Nasal Spray (Preservative Free),RN,15ml,500
201H09,Hydrastis canadensis 7x ,LP,20ml,500
201C17,Cantharis 7x ,LP,20ml,500
