H,1,W-000660,27062025,,00000000,,1,,27062025,,,27062025,06-HARYANA,0,0,,0,,,,,,,,,S,,OXT,,YEELO HOMEOPATHY GURUGRAM,8478019973,06BUAPG3815Q1ZH,                       0.00#  0.00S0:0:0          NN1T 130910.89CAN  218215.00#Y  0Y  88625.11 1N MZ 219536.00      0.00      0.00      0.00N     0.00      0.00      0.00,ZYNYNGAYPN1N1INN1M,M ,2,SHOP NO. 3 KHEWAT NO. 213  KHATONI NO. 215,BERKA ROAD SOHNA,HARYANA,0,0,,                    ,,,,,,,,,<MARGERP FORMAT>
T,AO,WSI BIO-COMBINATION,GH1684,,BIO COMB.1,20GM,,758348,01042029,,,5,0,110,,115,,0,,2,0,57,129.89,4.75,90.11,4.51,0,0,G,,                    ,,,,,,MARG1095489,30901400,BIO COMB.1,20GM,0,0,0,0,,        0.00E MY N #       0.00A1        0APN,,,,
T,AO,WSI BIO-COMBINATION,GH1685,,BIO COMB.2,20GM,,784370,01082029,,,5,0,115,,115,,0,,2,0,57,135.8,4.75,94.2,4.71,0,0,G,,                    ,,,,,,MARG1095490,30901400,BIO COMB.2,20GM,0,0,0,0,,        0.00E MY N #       0.00A1        0APN,,,,
T,AO,WSI BIO-COMBINATION,GH1686,,BIO COMB.3,20GM,,550777,01052027,,,5,0,115,,70,,0,,2,0,57,135.8,4.75,94.2,4.71,0,0,G,,                    ,,,,,,MARG1095491,30901400,BIO COMB.3,20GM,0,0,0,0,,        0.00E MY N #       0.00A1        0APN,,,,
T,AO,WSI BIO-COMBINATION,GH1687,,BIO COMB.4,20GM,,BC04IN50626I,01012029,,,5,0,115,,200,,0,,2,0,57,135.8,4.75,94.2,4.71,0,0,G,,                    ,,,,,,MARG1095492,30901400,BIO COMB.4,20GM,0,0,0,0,,        0.00E MY N #       0.00A1        0APN,,,,
T,AO,WSI BIO-COMBINATION,GH1688,,BIO COMB.5,20GM,,760580,01042029,,,5,0,115,,115,,0,,2,0,57,135.8,4.75,94.2,4.71,0,0,G,,                    ,,,,,,MARG1095493,30901400,BIO COMB.5,20GM,0,0,0,0,,        0.00E MY N #       0.00A1        0APN,,,,
T,AO,WSI BIO-COMBINATION,GH1688,,BIO COMB.5,20GM,,608457,01122027,,,5,0,95,,110,,0,,1,0,57,56.09,4.75,38.91,1.95,0,0,G,,                    ,,,,,,MARG1095493,30901400,BIO COMB.5,20GM,0,0,0,0,,        0.00E MY N #       0.00A1        0APN,,,,
T,AO,WSI BIO-COMBINATION,GH1689,,BIO COMB.6,20GM,,609352,01122027,,,5,0,110,,110,,0,,4,0,57,259.79,4.75,180.21,9.01,0,0,G,,                    ,,,,,,MARG1095494,30901400,BIO COMB.6,20GM,0,0,0,0,,        0.00E MY N #       0.00A1        0APN,,,,
T,AO,WSI BIO-COMBINATION,GH3503,,BC-7,20GM,,,00000000,,,5,0,115,,0,,0,,2,0,57,135.8,4.75,94.2,4.71,0,0,G,,                    ,,,,,,MARG1100832,30049011,BC-7,20GM,0,0,0,0,,        0.00E MY   #       0.00A1        0APN,,,,
T,AO,WSI BIO-COMBINATION,GH3477,,BIO NO 8 20GRM,20GM,,663517,01052028,,,5,0,90,,110,,0,,1,0,57,53.14,4.75,36.86,1.84,0,0,G,,                    ,,,,,,MARG1100774,30049011,BIO NO 8 20GRM,20GM,0,0,0,0,,        0.00E MY N #       0.00A1        0APN,,,,
T,AO,WSI BIO-COMBINATION,GH3477,,BIO NO 8 20GRM,20GM,,663517,01052028,,,5,0,95,,110,,0,,1,0,57,56.09,4.75,38.91,1.95,0,0,G,,                    ,,,,,,MARG1100774,30049011,BIO NO 8 20GRM,20GM,0,0,0,0,,        0.00E MY N #       0.00A1        0APN,,,,
T,AO,WSI BIO-COMBINATION,GH3478,,BIO NO 9 25GRM,25GM,,808895,01112029,,,5,0,120,,120,,0,,4,0,57,283.4,4.75,196.6,9.83,0,0,G,,                    ,,,,,,MARG1100776,30049011,BIO NO 9 25GRM,25GM,0,0,0,0,,        0.00E MY N #       0.00A1        0APN,,,,
T,AO,WSI BIO-COMBINATION,GH2032,,BIO NO 10,20GM,,658639,01042028,,,5,0,115,,110,,0,,2,0,57,135.8,4.75,94.2,4.71,0,0,G,,                    ,,,,,,MARG1096458,30901400,BIO NO 10,20GM,0,0,0,0,,        0.00E MY N #       0.00A1        0APN,,,,
T,AO,WSI BIO-COMBINATION,GH2188,,BC-11,25GM,,762827,01052029,,,5,0,110,,110,,0,,2,0,57,129.89,4.75,90.11,4.51,0,0,G,,                    ,,,,,,MARG1097337,30049011,BC-11,25GM,110,0,0,0,,        0.00E MY N #     110.00A1        0APN,,,,
T,AO,WSI BIO-COMBINATION,GH3470,,BIO NO 12 25GRM,25GM,,718483,01112028,,,5,0,115,,115,,0,,2,0,57,135.8,4.75,94.2,4.71,0,0,G,,                    ,,,,,,MARG1100760,30049011,BIO NO 12 25GRM,25GM,0,0,0,0,,        0.00E MY N #       0.00A1        0APN,,,,
T,AO,WSI BIO-COMBINATION,GH1683,,BIO COMB.13,20GM,,807878,01112029,,,5,0,115,,115,,0,,6,0,57,407.39,4.75,282.61,14.13,0,0,G,,                    ,,,,,,MARG1095487,30901400,BIO COMB.13,20GM,0,0,0,0,,        0.00E MY N #       0.00A1        0APN,,,,
T,AO,WSI BIO-COMBINATION,GH3471,,BIO NO 14 25GRM,25GM,,654798,01042028,,,5,0,110,,110,,0,,2,0,57,129.89,4.75,90.11,4.51,0,0,G,,                    ,,,,,,MARG1100762,30049011,BIO NO 14 25GRM,25GM,0,0,0,0,,        0.00E MY N #       0.00A1        0APN,,,,
T,AO,WSI BIO-COMBINATION,GH3224,,BC-15 20GM,20GM,,760587,01042029,,,5,0,115,,115,,0,,2,0,57,135.8,4.75,94.2,4.71,0,0,G,,                    ,,,,,,MARG1099949,30049014,BC-15 20GM,20GM,0,0,0,0,,        0.00E MY N #       0.00A1        0APN,,,,
T,AO,WSI BIO-COMBINATION,GH3472,,BC-16,20GM,,657267,01042028,,,5,0,110,,110,,0,,1,0,57,64.95,4.75,45.05,2.25,0,0,G,,                    ,,,,,,MARG1100764,30049011,BC-16,20GM,0,0,0,0,,        0.00E MY N #       0.00A1        0APN,,,,
T,AO,WSI BIO-COMBINATION,GH3472,,BC-16,20GM,,821770,01122029,,,5,0,120,,120,,0,,1,0,57,70.85,4.75,49.15,2.46,0,0,G,,                    ,,,,,,MARG1100764,30049011,BC-16,20GM,0,0,0,0,,        0.00E MY N #       0.00A1        0APN,,,,
T,AO,WSI BIO-COMBINATION,GH3473,,BIO NO 17 25GRM,25GM,,717205,01112028,,,5,0,115,,110,,0,,2,0,57,135.8,4.75,94.2,4.71,0,0,G,,                    ,,,,,,MARG1100766,30049011,BIO NO 17 25GRM,25GM,0,0,0,0,,        0.00E MY N #       0.00A1        0APN,,,,
T,AO,WSI BIO-COMBINATION,GH3474,,BIO NO 18 25GRM,25GM,,654802,01042028,,,5,0,110,,110,,0,,2,0,57,129.89,4.75,90.11,4.51,0,0,G,,                    ,,,,,,MARG1100768,30049011,BIO NO 18 25GRM,25GM,0,0,0,0,,        0.00E MY N #       0.00A1        0APN,,,,
T,AO,WSI BIO-COMBINATION,GH3475,,BIO NO 19 25GRM,25GM,,811239,01112029,,,5,0,115,,120,,0,,6,0,57,407.39,4.75,282.61,14.13,0,0,G,,                    ,,,,,,MARG1100770,30049011,BIO NO 19 25GRM,25GM,0,0,0,0,,        0.00E MY N #       0.00A1        0APN,,,,
T,AO,WSI BIO-COMBINATION,GH3504,,BC-20,20GM,,,00000000,,,5,0,115,,0,,0,,2,0,57,135.8,4.75,94.2,4.71,0,0,G,,                    ,,,,,,MARG1100834,30049011,BC-20,20GM,0,0,0,0,,        0.00E MY   #       0.00A1        0APN,,,,
T,AO,WSI BIO-COMBINATION,GH1938,,BIO COMB.21,20GM,,BC21IN51220T,01072029,,,5,0,95,,200,,0,,8,0,57,448.72,4.75,311.28,15.56,0,0,G,,                    ,,,,,,MARG1096152,30901400,BIO COMB.21,20GM,0,0,0,0,,        0.00E MY N #       0.00A1        0APN,,,,
T,AO,WSI BIO-COMBINATION,GH3505,,BIO CHEM 22,20GM,,,00000000,,,5,0,110,,0,,0,,2,0,57,129.89,4.75,90.11,4.51,0,0,G,,                    ,,,,,,MARG1100836,30049011,BIO CHEM 22,20GM,0,0,0,0,,        0.00E MY   #       0.00A1        0APN,,,,
T,AO,WSI BIO-COMBINATION,GH3476,,BIO NO 23 20GRM,20GM,,420575,00000000,,,5,0,95,,42,,0,,2,0,57,112.18,4.75,77.82,3.89,0,0,G,,                    ,,,,,,MARG1100772,30049011,BIO NO 23 20GRM,20GM,0,0,0,0,,        0.00E MY N #       0.00A1        0APN,,,,
T,AO,WSI BIO-COMBINATION,GH1050,,BIO COMBINATION-24,20GM,,,00000000,,,5,0,115,,0,,0,,2,0,57,135.8,4.75,94.2,4.71,0,0,G,,                    ,,,,,,MARG1093802,30901400,BIO COMBINATION-24,20GM,0,0,0,0,,        0.00E MY   #       0.00A1        0APN,,,,
T,AO,WSI BIO-COMBINATION,GH3405,,BIO COMB 25,20GM,,482216,01092026,,,5,0,115,,70,,0,,2,0,57,135.8,4.75,94.2,4.71,0,0,G,,                    ,,,,,,MARG1100529,30049011,BIO COMB 25,20GM,0,0,0,0,,        0.00E MY N #       0.00A1        0APN,,,,
T,AO,WSI BIO-COMBINATION,GH3506,,BC-26,20GM,,,00000000,,,5,0,90,,0,,0,,2,0,57,106.28,4.75,73.72,3.69,0,0,G,,                    ,,,,,,MARG1100839,30049011,BC-26,20GM,0,0,0,0,,        0.00E MY   #       0.00A1        0APN,,,,
T,AO,WSI BIO-COMBINATION,GH1545,,BIO COMB.27,20GM,,502786,01122026,,,5,0,90,,90,,0,,2,0,57,106.28,4.75,73.72,3.69,0,0,G,,                    ,,,,,,MARG1095129,30901400,BIO COMB.27,20GM,0,0,0,0,,        0.00E MY N #       0.00A1        0APN,,,,
T,AO,WSI BIO-COMBINATION,3GH3507,,BC-28,20GM,,,00000000,,,5,0,90,,0,,0,,2,0,57,106.28,4.75,73.72,3.69,0,0,G,,                    ,,,,,,MARG1100841,30049011,BC-28,20GM,0,0,0,0,,        0.00E MY   #       0.00A1        0APN,,,,
T,AN,WSI PATENT,GH1703,,AESCULUS PENTARKAN,30ML,,611745,01122027,,,12,0,200,,190,,0,,6,0,55,717.78,10.7,482.22,57.87,0,0,G,,                    ,,,,,,MARG1095548,30049014,AESCULUS PENTARKAN,30ML,0,0,0,0,,        0.00E MY N #       0.00A1        0APN,,,,
T,AN,WSI PATENT,GH3496,,PENTARKAN AGNUS 20GRM,20GM,,697941,01092028,,,12,0,195,,185,,0,,1,0,55,116.64,10.7,78.36,9.4,0,0,G,,                    ,,,,,,MARG1100817,30049014,PENTARKAN AGNUS 20GRM,20GM,0,0,0,0,,        0.00E MY N #       0.00A1        0APN,,,,
T,AN,WSI PATENT,GH3498,,PENTARKAN HEPAR SULPH 20GRM,20GM,,800427,00000000,,,12,0,210,,195,,0,,1,0,55,125.61,10.7,84.39,10.13,0,0,G,,                    ,,,,,,MARG1100821,30049014,PENTARKAN HEPAR SULPH 20GRM,20GM,0,0,0,0,,        0.00E MY N #       0.00A1        0APN,,,,
T,AN,WSI PATENT,GH3499,,PENTARKAN MILIFOLIUM 20GRM,20GM,,719559,01122028,,,12,0,195,,195,,0,,1,0,55,116.64,10.7,78.36,9.4,0,0,G,,                    ,,,,,,MARG1100823,30049014,PENTARKAN MILIFOLIUM 20GRM,20GM,0,0,0,0,,        0.00E MY N #       0.00A1        0APN,,,,
T,AN,WSI PATENT,GH1053,,PENTARKAN SENEGA(77),20GM,,,00000000,,,12,0,175,,0,,0,,1,0,55,104.68,10.7,70.32,8.44,0,0,G,,                    ,,,,,,MARG1093811,30049014,PENTARKAN SENEGA(77),20GM,0,0,0,0,,        0.00E MY N #       0.00A1        0APN,,,,
T,AN,WSI PATENT,GH2564,,PENTARKAN SILICEA PKT-78,20GM,,719697,01122028,,,12,0,195,,195,,0,,1,0,55,116.64,10.7,78.36,9.4,0,0,G,,                    ,,,,,,MARG1097997,30049014,PENTARKAN SILICEA PKT-78,20GM,0,0,0,0,,        0.00E MY N #       0.00A1        0APN,,,,
T,AN,WSI PATENT,GH2091,,PENTARKAN GRAPHITES,20GM,,508260,01012027,,,12,0,195,,140,,0,,1,0,55,116.64,10.7,78.36,9.4,0,0,G,,                    ,,,,,,MARG1096642,30049014,PENTARKAN GRAPHITES,20GM,0,0,0,0,,        0.00E MY N #       0.00A1        0APN,,,,
T,AN,WSI PATENT,GH1005,,CARDUUS MARINUS PENTARKAN (23),20GM,,824053,01012030,,,12,0,195,,210,,0,,2,0,55,233.28,10.7,156.72,18.81,0,0,G,,                    ,,,,,,MARG1093699,30049014,CARDUUS MARINUS PENTARKAN (23),20GM,0,0,0,0,,        0.00E MY N #       0.00A1        0APN,,,,
T,AN,WSI PATENT,GH1664,,BERBERIS PENTARKAN,20GM,,840509,01022030,,,12,0,210,,210,,0,,2,0,55,251.22,10.7,168.78,20.25,0,0,G,,                    ,,,,,,MARG1095449,30049014,BERBERIS PENTARKAN,20GM,0,0,0,0,,        0.00E MY N #       0.00A1        0APN,,,,
T,AN,WSI PATENT,GH3497,,PENTARKAN CRATAEGUS 20GRM,20GM,,713420,01112028,,,12,0,175,,185,,0,,2,0,55,209.35,10.7,140.65,16.88,0,0,G,,                    ,,,,,,MARG1100819,30049014,PENTARKAN CRATAEGUS 20GRM,20GM,0,0,0,0,,        0.00E MY N #       0.00A1        0APN,,,,
T,AN,WSI PATENT,GH2502,,MAG PHOS PKT-60,20GM,,689812,01082028,,,12,0,195,,185,,0,,1,0,55,116.64,10.7,78.36,9.4,0,0,G,,                    ,,,,,,MARG1097841,30049014,MAG PHOS PKT-60,20GM,0,0,0,0,,        0.00E MY N #       0.00A1        0APN,,,,
T,AN,WSI PATENT,GH1052,,PKT-51 (GRINDELIA PKT),20GM,,713753,01112028,,,12,0,195,,185,,0,,1,0,55,116.64,10.7,78.36,9.4,0,0,G,,                    ,,,,,,MARG1093805,30049014,PKT-51 (GRINDELIA PKT),20GM,0,0,0,0,,        0.00E MY N #       0.00A1        0APN,,,,
T,AN,WSI PATENT,GH1959,,PENTARKAN ACONITUM,20GM,,565598,01072027,,,12,0,185,,175,,0,,1,0,55,110.66,10.7,74.34,8.92,0,0,G,,                    ,,,,,,MARG1096199,30049014,PENTARKAN ACONITUM,20GM,0,0,0,0,,        0.00E MY N #       0.00A1        0APN,,,,
T,AN,WSI PATENT,GH1054,,SABAL PKT-75,30ML,,790717,00000000,,,12,0,200,,200,,0,,1,0,55,119.63,10.7,80.37,9.64,0,0,G,,                    ,,,,,,MARG1093812,30049014,SABAL PKT-75,30ML,0,0,0,0,,        0.00E MY N #       0.00A1        0APN,,,,
T,AN,WSI PATENT,GH3500,,PENTARKAN VISCUM 30ML,30ML,,689074,00000000,,,12,0,190,,190,,0,,1,0,55,113.65,10.7,76.35,9.16,0,0,G,,                    ,,,,,,MARG1100826,30049014,PENTARKAN VISCUM 30ML,30ML,0,0,0,0,,        0.00E MY N #       0.00A1        0APN,,,,
T,AN,WSI PATENT,GH1841,,LILIUM TIG. PENTARKAN,30ML,,714607,01112028,,,12,0,175,,200,,0,,1,0,55,104.68,10.7,70.32,8.44,0,0,G,,                    ,,,,,,MARG1095940,30049014,LILIUM TIG. PENTARKAN,30ML,0,0,0,0,,        0.00E MY N #       0.00A1        0APN,,,,
T,AN,WSI PATENT,GH1010,,ALPHA TS (TENSION STRESS),30ML,,611982,01122027,,,12,0,125,,125,,0,,12,0,55,897.22,10.7,602.78,72.33,0,0,G,,                    ,,,,,,MARG1093711,30049014,ALPHA TS (TENSION STRESS),30ML,125,0,0,0,,        0.00E MY N #     125.00A1        0APN,,,,
T,DR WIL,WSI (WIILIAMAR SCHWABE),GH3112,,ALPHA-NC,20GM,,730106,01012029,,,12,0,185,,210,,0,,2,0,55,221.32,10.7,148.68,17.84,0,0,G,,                    ,,,,,,MARG1099566,30049014,ALPHA-NC,20GM,0,0,0,0,,        0.00E MY N #       0.00A1        0APN,,,,
T,AN,WSI PATENT,GH3468,,ALPHA RC 20GMR,20GM,,672713,00000000,,,12,0,210,,198,,0,,1,0,55,125.61,10.7,84.39,10.13,0,0,G,,                    ,,,,,,MARG1100756,3004,ALPHA RC 20GMR,20GM,0,0,0,0,,        0.00E MY N #       0.00A1        0APN,,,,
T,AN,WSI PATENT,GH3469,,ALPHA SH 20GRM,20GM,,803135,00000000,,,12,0,210,,210,,0,,1,0,55,125.61,10.7,84.39,10.13,0,0,G,,                    ,,,,,,MARG1100758,3004,ALPHA SH 20GRM,20GM,0,0,0,0,,        0.00E MY N #       0.00A1        0APN,,,,
T,AN,WSI PATENT,GH1003,,ALPHA LIV DROP,30ML,,719859,01122028,,,12,0,110,,130,,0,,2,0,55,131.59,10.7,88.41,10.61,0,0,G,,                    ,,,,,,MARG1093695,30049014,ALPHA LIV DROP,30ML,0,0,0,0,,        0.00E MY N #       0.00A1        0APN,,,,
T,AN,WSI PATENT,GH1000,,ALPHA HA (HEADACHE),30ML,,790718,00000000,,,12,0,135,,135,,0,,1,0,55,80.75,10.7,54.25,6.51,0,0,G,,                    ,,,,,,MARG1093687,30049014,ALPHA HA (HEADACHE),30ML,0,0,0,0,,        0.00E MY N #       0.00A1        0APN,,,,
T,AN,WSI PATENT,GH1004,,ALPHA TONS (TONSILITIS),20GM,,796786,00000000,,,12,0,185,,210,,0,,1,0,55,110.66,10.7,74.34,8.92,0,0,G,,                    ,,,,,,MARG1093697,30049014,ALPHA TONS (TONSILITIS),20GM,0,0,0,0,,        0.00E MY N #       0.00A1        0APN,,,,
T,AN,WSI PATENT,GH2826,,ALPHA DP 20TAB,20TAB,,590316,01102027,,,12,0,190,,190,,0,,1,0,55,113.65,10.7,76.35,9.16,0,0,G,,                    ,,,,,,MARG1098740,30049014,ALPHA DP 20TAB,20TAB,0,0,0,0,,        0.00E MY N #       0.00A1        0APN,,,,
T,AN,WSI PATENT,GH3464,,ALPHA CC 20TAB,20TAB,,792357,01092029,,,12,0,210,,210,,0,,1,0,55,125.61,10.7,84.39,10.13,0,0,G,,                    ,,,,,,MARG1100748,3004,ALPHA CC 20TAB,20TAB,0,0,0,0,,        0.00E MY N #       0.00A1        0APN,,,,
T,AN,WSI PATENT,GH3269,,ALPHA CF 20GM,25GM,,747097,01032029,,,12,0,198,,210,,0,,1,0,55,118.43,10.7,79.57,9.55,0,0,G,,                    ,,,,,,MARG1100114,3004,ALPHA CF 20GM,25GM,0,0,0,0,,        0.00E MY N #       0.00A1        0APN,,,,
T,AN,WSI PATENT,GH0013,,ALPHA-ACID (HYPERACIDITY),30ML,,747096,01032029,,,12,0,210,,210,,0,,4,0,55,502.45,10.7,337.55,40.51,0,0,G,,                    ,,,,,,MARG14,30049014,ALPHA-ACID (HYPERACIDITY),30ML,210,0,0,0,,        0.00E MY N #     210.00A1        0APN,,,,
T,AN,WSI PATENT,GH0942,,ALPHA-MP,30ML,,748017,00000000,,,12,0,145,,125,,0,,1,0,55,86.73,10.7,58.27,6.99,0,0,G,,                    ,,,,,,MARG1093552,30049014,ALPHA-MP,30ML,110,0,0,0,,        0.00E MY N #     110.00A1        0APN,,,,
T,AN,WSI PATENT,GH3467,,ALPHA MS 20GRM,20GM,,713411,01122028,,,12,0,158,,198,,0,,1,0,55,94.51,10.7,63.49,7.62,0,0,G,,                    ,,,,,,MARG1100754,3004,ALPHA MS 20GRM,20GM,0,0,0,0,,        0.00E MY N #       0.00A1        0APN,,,,
T,AN,WSI PATENT,GH0015,,ALPHA WD (WEAK DEFENCE SYSTEM),30ML,,757240,01042029,,,12,0,135,,135,,0,,2,0,55,161.5,10.7,108.5,13.02,0,0,G,,                    ,,,,,,MARG13,30049014,ALPHA WD (WEAK DEFENCE SYSTEM),30ML,110,0,0,0,,        0.00E MY N #     110.00A1        0APN,,,,
T,AP,WSI COSMETICS,GH1377,,TOPI AESCULUS,25GM,,835129,01022030,,,5,85,85,,90,,0,,6,0,55,291.4,4.75,218.6,10.93,0,0,G,,                    ,,,,,,MARG1094715,30901400,TOPI AESCULUS,25GM,0,0,0,0,,        0.00E MY N #       0.00A1        0APN,,,,
T,AN,WSI PATENT,GH2694,,TOPI ARNICA 25GRM,25GM,,0663374,00000000,,,5,0,80,,80,,0,,2,0,55,91.42,4.75,68.58,3.43,0,0,G,,                    ,,,,,,MARG1098395,30049014,TOPI ARNICA 25GRM,25GM,0,0,0,0,,        0.00E MY N #       0.00A1        0APN,,,,
T,AP,WSI COSMETICS,GH2458,,TOPI HEAL 25GM,25GM,,719584,01122028,,,12,0,90,,90,,0,,1,0,55,51.42,4.75,38.58,4.63,0,0,G,,                    ,,,,,,MARG1097704,30049014,TOPI HEAL 25GM,25GM,0,0,0,0,,        0.00E MY N #       0.00A1        0APN,,,,
T,AP,WSI COSMETICS,GH1755,,TOPI AZADIRACHTA,25GM,,824971,01012030,,,5,0,90,,90,,0,,2,0,55,102.85,4.75,77.15,3.86,0,0,G,,                    ,,,,,,MARG1095689,30901400,TOPI AZADIRACHTA,25GM,0,0,0,0,,        0.00E MY N #       0.00A1        0APN,,,,
T,AP,WSI COSMETICS,GH1423,,TOPI BERBERIS,25GM,,807872,01112029,,,5,0,90,,85,,0,,6,0,55,308.54,4.75,231.46,11.57,0,0,G,,                    ,,,,,,MARG1094838,30901400,TOPI BERBERIS,25GM,0,0,0,0,,        0.00E MY N #       0.00A1        0APN,,,,
T,AN,WSI PATENT,GH2832,,TOPI CARDIOSPERMUM 25GRM,25 GM,,786207,01082029,,,5,0,85,,80,,0,,1,0,55,48.57,4.75,36.43,1.82,0,0,G,,                    ,,,,,,MARG1098752,30901400,TOPI CARDIOSPERMUM 25GRM,25 GM,0,0,0,0,,        0.00E MY N #       0.00A1        0APN,,,,
T,AN,WSI PATENT,GH3027,,TOPI MP,25GM,,562634,01062027,,,5,0,85,,80,,0,,2,0,55,97.13,4.75,72.87,3.64,0,0,G,,                    ,,,,,,MARG1099300,30049011,TOPI MP,25GM,0,0,0,0,,        0.00E MY N #       0.00A1        0APN,,,,
T,AN,WSI PATENT,GH2677,,TOPI SULPHUR 25GRM,25 GM,,689070,01092028,,,5,0,75,,75,,0,,2,0,55,85.71,4.75,64.29,3.21,0,0,G,,                    ,,,,,,MARG1098329,30901400,TOPI SULPHUR 25GRM,25 GM,0,0,0,0,,        0.00E MY N #       0.00A1        0APN,,,,
T,AN,WSI PATENT,GH3494,,TOPI THUJA 25GRM,25GM,,815116,01122029,,,5,0,85,,90,,0,,2,0,55,97.13,4.75,72.87,3.64,0,0,G,,                    ,,,,,,MARG1100811,30049011,TOPI THUJA 25GRM,25GM,0,0,0,0,,        0.00E MY N #       0.00A1        0APN,,,,
T,AN,WSI PATENT,GH2676,,TOPI GRAPHITES 25GRM,25 GM,,690962,01082028,,,5,0,80,,80,,0,,1,0,55,45.71,4.75,34.29,1.71,0,0,G,,                    ,,,,,,MARG1098327,30901400,TOPI GRAPHITES 25GRM,25 GM,0,0,0,0,,        0.00E MY N #       0.00A1        0APN,,,,
T,AO,WSI BIO-COMBINATION,GH3491,,NATRUM PHOS 3X 25GRM,20GM,,658636,01042028,,,5,0,110,,110,,0,,3,0,57,194.84,4.75,135.16,6.76,0,0,G,,                    ,,,,,,MARG1100805,30049011,NATRUM PHOS 3X 25GRM,20GM,0,0,0,0,,        0.00E MY N #       0.00A1        0APN,,,,
T,DR WIL,WSI (WIILIAMAR SCHWABE),GH3187,,NATRUM PHOS 6X,20GM,,2092IN50915I,01042029,,,5,0,115,,220,,0,,3,0,57,203.7,4.75,141.3,7.07,0,0,G,,                    ,,,,,,MARG1099824,30049014,NATRUM PHOS 6X,20GM,0,0,0,0,,        0.00E MY N #       0.00A1        0APN,,,,
T,AO,WSI BIO-COMBINATION,GH1546,,CALCAREA FLUOR 6X,20GM,,807891,01112029,,,5,0,115,,115,,0,,1,0,57,67.9,4.75,47.1,2.36,0,0,G,,                    ,,,,,,MARG1095131,30901400,CALCAREA FLUOR 6X,20GM,0,0,0,0,,        0.00E MY N #       0.00A1        0APN,,,,
T,AO,WSI BIO-COMBINATION,GH3479,,CALC FLOUR 3X 25GRM,25GM,,739328,01022029,,,5,0,115,,115,,0,,1,0,57,67.9,4.75,47.1,2.36,0,0,G,,                    ,,,,,,MARG1100778,30049011,CALC FLOUR 3X 25GRM,25GM,0,0,0,0,,        0.00E MY N #       0.00A1        0APN,,,,
T,AO,WSI BIO-COMBINATION,GH1691,,MAG.PHOS.6X,20GM,,719848,01122028,,,5,0,115,,115,,0,,3,0,57,203.7,4.75,141.3,7.07,0,0,G,,                    ,,,,,,MARG1095498,30901400,MAG.PHOS.6X,20GM,0,0,0,0,,        0.00E MY N #       0.00A1        0APN,,,,
T,AO,WSI BIO-COMBINATION,GH3489,,MAGNESIUM PHOSPHORICUM 3X 20GR,20GM,,657264,01042028,,,5,0,90,,150,,0,,3,0,57,159.41,4.75,110.59,5.53,0,0,G,,                    ,,,,,,MARG1100799,30049011,MAGNESIUM PHOSPHORICUM 3X 20GR,20GM,0,0,0,0,,        0.00E MY N #       0.00A1        0APN,,,,
T,AO,WSI BIO-COMBINATION,GH1550,,FERRUM PHOS. 6X,20GM,,792011,01092029,,,5,0,115,,115,,0,,1,0,57,67.9,4.75,47.1,2.36,0,0,G,,                    ,,,,,,MARG1095143,30901400,FERRUM PHOS. 6X,20GM,0,0,0,0,,        0.00E MY N #       0.00A1        0APN,,,,
T,AO,WSI BIO-COMBINATION,GH3482,,FERRUM PHOS 3X 25GRM,20GM,,387923,00000000,,,5,0,90,,72,,0,,1,0,57,53.14,4.75,36.86,1.84,0,0,G,,                    ,,,,,,MARG1100785,30049011,FERRUM PHOS 3X 25GRM,20GM,0,0,0,0,,        0.00E MY N #       0.00A1        0APN,,,,
T,AO,WSI BIO-COMBINATION,GH3487,,KALI MUR 3X,20GM,,565584,01072027,,,5,0,110,,95,,0,,1,0,57,64.95,4.75,45.05,2.25,0,0,G,,                    ,,,,,,MARG1100795,30049011,KALI MUR 3X,20GM,0,0,0,0,,        0.00E MY N #       0.00A1        0APN,,,,
T,AO,WSI BIO-COMBINATION,GH0140,,KALI MURIATICUM 6X,20GM,,714544,01112028,,,5,0,115,,110,,0,,1,0,57,67.9,4.75,47.1,2.36,0,0,G,,                    ,,,,,,MARG139,30901400,KALI MURIATICUM 6X,20GM,0,0,0,0,,        0.00E MY N #       0.00A1        0APN,,,,
T,AO,WSI BIO-COMBINATION,GH3495,,NATRUM SULPH 3X 25GRM,25GM,,663515,01052028,,,5,0,110,,110,,0,,1,0,57,64.95,4.75,45.05,2.25,0,0,G,,                    ,,,,,,MARG1100815,30049011,NATRUM SULPH 3X 25GRM,25GM,0,0,0,0,,        0.00E MY N #       0.00A1        0APN,,,,
T,AO,WSI BIO-COMBINATION,GH3419,,NS 6X WSI 25GRM,25GM,,818418,01122029,,,5,0,115,,120,,0,,1,0,57,67.9,4.75,47.1,2.36,0,0,G,,                    ,,,,,,MARG1100561,30049011,NS 6X WSI 25GRM,25GM,0,0,0,0,,        0.00E MY N #       0.00A1        0APN,,,,
T,AO,WSI BIO-COMBINATION,GH3490,,NATRUM MUR 3X 25GRM,20GM,,658635,01042028,,,5,0,110,,110,,0,,1,0,57,64.95,4.75,45.05,2.25,0,0,G,,                    ,,,,,,MARG1100801,30049011,NATRUM MUR 3X 25GRM,20GM,0,0,0,0,,        0.00E MY N #       0.00A1        0APN,,,,
T,AO,WSI BIO-COMBINATION,GH3349,,NATRUM MUR 6X,20GM,,811389,01112029,,,5,0,115,,120,,0,,1,0,57,67.9,4.75,47.1,2.36,0,0,G,,                    ,,,,,,MARG1100337,3004,NATRUM MUR 6X,20GM,0,0,0,0,,        0.00E MY N #       0.00A1        0APN,,,,
T,AO,WSI BIO-COMBINATION,GH3502,,SILICEA 3X 25GRM,25GM,,654801,01042028,,,5,0,110,,110,,0,,1,0,57,64.95,4.75,45.05,2.25,0,0,G,,                    ,,,,,,MARG1100830,30049011,SILICEA 3X 25GRM,25GM,0,0,0,0,,        0.00E MY N #       0.00A1        0APN,,,,
T,AO,WSI BIO-COMBINATION,GH1957,,SILICEA 6X,20GM,,656648,01042028,,,5,0,115,,110,,0,,1,0,57,67.9,4.75,47.1,2.36,0,0,G,,                    ,,,,,,MARG1096193,30901400,SILICEA 6X,20GM,0,0,0,0,,        0.00E MY N #       0.00A1        0APN,,,,
T,AO,WSI BIO-COMBINATION,GH3488,,KALI SULPH 3X 25GRM,25 GM,,475812,01082026,,,5,0,90,,90,,0,,1,0,57,53.14,4.75,36.86,1.84,0,0,G,,                    ,,,,,,MARG1100797,30049011,KALI SULPH 3X 25GRM,25 GM,0,0,0,0,,        0.00E MY N #       0.00A1        0APN,,,,
T,AO,WSI BIO-COMBINATION,GH0143,,KALI SULPHURICUM 6X,20GM,,640352,01022028,,,5,0,110,,110,,0,,1,0,57,64.95,4.75,45.05,2.25,0,0,G,,                    ,,,,,,MARG142,30901400,KALI SULPHURICUM 6X,20GM,90,0,0,0,,        0.00E MY N #      90.00A1        0APN,,,,
T,AO,WSI BIO-COMBINATION,GH3480,,CALC PHOS 3X 25GRM,20GM,,631104,01022028,,,5,0,110,,110,,0,,1,0,57,64.95,4.75,45.05,2.25,0,0,G,,                    ,,,,,,MARG1100780,30049011,CALC PHOS 3X 25GRM,20GM,0,0,0,0,,        0.00E MY N #       0.00A1        0APN,,,,
T,AO,WSI BIO-COMBINATION,GH1559,,CALCAREA PHOS 6X,20GM,,815815,01122029,,,5,0,115,,120,,0,,1,0,57,67.9,4.75,47.1,2.36,0,0,G,,                    ,,,,,,MARG1095163,30901400,CALCAREA PHOS 6X,20GM,0,0,0,0,,        0.00E MY N #       0.00A1        0APN,,,,
T,AO,WSI BIO-COMBINATION,GH1958,,CALC SULPH 3X,20GM,,354262,00000000,,,5,0,110,,90,,0,,1,0,57,64.95,4.75,45.05,2.25,0,0,G,,                    ,,,,,,MARG1096197,30901400,CALC SULPH 3X,20GM,0,0,0,0,,        0.00E MY N #       0.00A1        0APN,,,,
T,AO,WSI BIO-COMBINATION,GH1690,,CALCAREA SULPH.6X,20GM,,720965,01122028,,,5,0,115,,110,,0,,1,0,57,67.9,4.75,47.1,2.36,0,0,G,,                    ,,,,,,MARG1095496,30901400,CALCAREA SULPH.6X,20GM,0,0,0,0,,        0.00E MY N #       0.00A1        0APN,,,,
T,AO,WSI BIO-COMBINATION,GH1001,,KALI PHOS 6X,25GM,,0698720,01092028,,,5,0,115,,120,,0,,3,0,57,203.7,4.75,141.3,7.07,0,0,G,,                    ,,,,,,MARG1093692,30901400,KALI PHOS 6X,25GM,0,0,0,0,,        0.00E MY N #       0.00A1        0APN,,,,
T,AO,WSI BIO-COMBINATION,GH2685,,KALI PHOS 3X 20GRM,20 GM,,657261,01042028,,,5,0,110,,110,,0,,3,0,57,194.84,4.75,135.16,6.76,0,0,G,,                    ,,,,,,MARG1098357,30901400,KALI PHOS 3X 20GRM,20 GM,0,0,0,0,,        0.00E MY N #       0.00A1        0APN,,,,
T,AN,WSI PATENT,GH3466,,ALPHA LIV SUGAR FREE 100ML,100ML,,727506,01012029,,,12,0,165,,165,,0,,2,0,55,197.39,10.7,132.61,15.91,0,0,G,,                    ,,,,,,MARG1100752,3004,ALPHA LIV SUGAR FREE 100ML,100ML,0,0,0,0,,        0.00E MY N #       0.00A1        0APN,,,,
T,AN,WSI PATENT,GH1529,,ALPHA LIV,100ML,,0504825,01122026,,,12,110,110,,110,,0,,2,0,55,131.59,10.7,88.41,10.61,0,0,G,,                    ,,,,,,MARG1095094,30049014,ALPHA LIV,100ML,0,0,0,0,,        0.00E MY N #       0.00A1        0APN,,,,
T,DR WIL,WSI (WIILIAMAR SCHWABE),GH2588,,QURECUS ROB 1X 20GRM,20GM,,727524,01012029,,,5,0,335,,335,,0,,2,0,55,382.82,4.75,287.18,14.36,0,0,G,,                    ,,,,,,MARG1098047,30901400,QURECUS ROB 1X 20GRM,20GM,0,0,0,0,,        0.00E MY N #       0.00A1        0APN,,,,
T,DR WIL,WSI (WIILIAMAR SCHWABE),GH2495,,GLYCYRRHIZA GLABRA.1X 20GRM,20GM,,,00000000,,,5,0,175,,165,,0,,2,0,55,199.98,4.75,150.02,7.5,0,0,G,,                    ,,,,,,MARG1097821,30901400,GLYCYRRHIZA GLABRA.1X 20GRM,20GM,0,0,0,0,,        0.00E MY   #       0.00A1        0APN,,,,
T,DR WIL,WSI (WIILIAMAR SCHWABE),GH2608,,DAPHNE INDICA 1X 20GRM,20GM,,0000785736,01082029,,,5,0,335,,335,,0,,2,0,55,382.82,4.75,287.18,14.36,0,0,G,,                    ,,,,,,MARG1098102,30901400,DAPHNE INDICA 1X 20GRM,20GM,0,0,0,0,,        0.00E MY N #       0.00A1        0APN,,,,
T,AN,WSI PATENT,GH1006,,GOOD MORNING CONSTIPATION DROP,30ML,,633879,01022028,,,12,0,140,,140,,0,,6,0,55,502.45,10.7,337.55,40.51,0,0,G,,                    ,,,,,,MARG1093700,30049014,GOOD MORNING CONSTIPATION DROP,30ML,0,0,0,0,,        0.00E MY N #       0.00A1        0APN,,,,
T,AN,WSI PATENT,GH2228,,ZAUBER HAIR DROPS,30ML,,713258,01112028,,,12,205,205,,195,,0,,6,0,55,735.72,10.7,494.28,59.31,0,0,G,,                    ,,,,,,MARG1097045,30049014,ZAUBER HAIR DROPS,30ML,0,0,0,0,,        0.00E MY N #       0.00A1        0APN,,,,
T,AN,WSI PATENT,GH3493,,WELLSTONE DROP 30ML,30ML,,823898,01012030,,,12,0,220,,220,,0,,6,0,55,789.56,10.7,530.44,63.65,0,0,G,,                    ,,,,,,MARG1100809,3004,WELLSTONE DROP 30ML,30ML,0,0,0,0,,        0.00E MY N #       0.00A1        0APN,,,,
T,AN,WSI PATENT,GH3460,,GO LIPID,30ML,,823892,01012030,,,12,0,220,,220,,0,,6,0,55,789.56,10.7,530.44,63.65,0,0,G,,                    ,,,,,,MARG1100726,30049014,GO LIPID,30ML,0,0,0,0,,        0.00E MY N #       0.00A1        0APN,,,,
T,AN,WSI PATENT,GH3465,,ALPHA COFF 200ML,200ML,,0781295,00000000,,,12,0,210,,210,,0,,12,0,55,1507.34,10.7,1012.66,121.52,0,0,G,,                    ,,,,,,MARG1100750,3004,ALPHA COFF 200ML,200ML,0,0,0,0,,        0.00E MY N #       0.00A1        0APN,,,,
T,AN,WSI PATENT,GH1552,,TUSSISTIN,100ML,,748635,00000000,,,12,0,105,,105,,0,,6,0,55,376.83,10.7,253.17,30.38,0,0,G,,                    ,,,,,,MARG1095149,30049014,TUSSISTIN,100ML,0,0,0,0,,        0.00E MY N #       0.00A1        0APN,,,,
T,AN,WSI PATENT,GH1987,,ALFALFA TONIC GENARAL,100ML,,810246,00000000,,,12,0,125,,135,,0,,3,0,55,224.31,10.7,150.69,18.08,0,0,G,,                    ,,,,,,MARG1096310,30049014,ALFALFA TONIC GENARAL,100ML,135,0,0,0,,        0.00E MY N #     135.00A1        0APN,,,,
T,AN,WSI PATENT,GH1760,,DIZESTER SYRUP,500ML,,0779094,01072029,,,12,395,395,,395,,0,,6,0,55,1417.62,10.7,952.38,114.29,0,0,G,,                    ,,,,,,MARG1095711,30049014,DIZESTER SYRUP,500ML,375,0,0,0,,        0.00E MY N #     375.00A1        0APN,,,,
T,AN,WSI PATENT,GH2210,,ALFALFA TONIC SUGAR FREE,100ML,,599990,01102027,,,12,0,160,,160,,0,,2,0,55,191.41,10.7,128.59,15.43,0,0,G,,                    ,,,,,,MARG1096998,30049014,ALFALFA TONIC SUGAR FREE,100ML,0,0,0,0,,        0.00E MY N #       0.00A1        0APN,,,,
T,B T,B T COSMETICS,GH2224,,AKNE SOR SOAP,75GM,,BS01045,01082026,,,18,0,50,,50,,0,,6,0,41,149.99,15.25,150.01,27,0,0,G,,                    ,,,,,,MARG1097033,3004,AKNE SOR SOAP,75GM,0,0,0,0,,        0.00E MY N #       0.00A1        0APN,,,,
T,AO,WSI BIO-COMBINATION,GH1956,,FIVE PHOS 6X,20GM,,IN51129I,01062029,,,5,0,95,,220,,0,,1,0,57,56.09,4.75,38.91,1.95,0,0,G,,                    ,,,,,,MARG1096191,30901400,FIVE PHOS 6X,20GM,0,0,0,0,,        0.00E MY N #       0.00A1        0APN,,,,
T,AO,WSI BIO-COMBINATION,GH3483,,FIVE PHOS 3X 25GRM,20GM,,522443,01022027,,,5,0,90,,90,,0,,1,0,57,53.14,4.75,36.86,1.84,0,0,G,,                    ,,,,,,MARG1100787,30049011,FIVE PHOS 3X 25GRM,20GM,0,0,0,0,,        0.00E MY N #       0.00A1        0APN,,,,
T,B T,B T COSMETICS,GH3484,,FOOT CREAM 100GRM,100GM,,BFC24003,01022026,,,18,0,130,,130,,0,,6,0,41,389.98,15.25,390.02,70.2,0,0,G,,                    ,,,,,,MARG1100789,3004,FOOT CREAM 100GRM,100GM,0,0,0,0,,        0.00E MY N #       0.00A1        0APN,,,,
T,AN,WSI PATENT,GH1560,,ALPHA COFF,100ML,,748633,01032029,,,12,120,120,,120,,0,,12,0,55,861.34,10.7,578.66,69.44,0,0,G,,                    ,,,,,,MARG1095167,30049014,ALPHA COFF,100ML,0,0,0,0,,        0.00E MY N #       0.00A1        0APN,,,,
T,AN,WSI PATENT,GH2618,,ALFALFA TONIC GENARAL 500ML,500ML,,800681,00000000,,,12,0,380,,380,,0,,2,0,55,454.59,10.7,305.41,36.65,0,0,G,,                    ,,,,,,MARG1098138,30049014,ALFALFA TONIC GENARAL 500ML,500ML,360,0,0,0,,        0.00E MY N #     360.00A1        0APN,,,,
T,AN,WSI PATENT,GH3461,,ALFALFA TONIC GENARAL 200ML,200ML,,0784224,00000000,,,12,0,245,,245,,0,,3,0,55,439.64,10.7,295.36,35.44,0,0,G,,                    ,,,,,,MARG1100742,3004,ALFALFA TONIC GENARAL 200ML,200ML,0,0,0,0,,        0.00E MY N #       0.00A1        0APN,,,,
T,DR WIL,WSI (WIILIAMAR SCHWABE),GH3462,,ALFALFA TONIC PAEDIATRIC 200ML,200ML,,0784227,00000000,,,12,0,235,,235,,0,,3,0,55,421.7,10.7,283.3,34,0,0,G,,                    ,,,,,,MARG1100744,3004,ALFALFA TONIC PAEDIATRIC 200ML,200ML,0,0,0,0,,        0.00E MY N #       0.00A1        0APN,,,,
T,AN,WSI PATENT,GH1754,,DIZESTER,200ML,,721670,01122028,,,12,0,205,,205,,0,,3,0,55,367.86,10.7,247.14,29.66,0,0,G,,                    ,,,,,,MARG1095687,30049014,DIZESTER,200ML,0,0,0,0,,        0.00E MY N #       0.00A1        0APN,,,,
T,AN,WSI PATENT,GH3486,,HERTONE 200ML,200ML,,785472,01082029,,,12,0,450,,0,,0,,6,0,55,1615,10.7,1085,130.2,0,0,G,,                    ,,,,,,MARG1100793,3004,HERTONE 200ML,200ML,0,0,0,0,,        0.00E MY N #       0.00A1        0APN,,,,
T,AN,WSI PATENT,GH1827,,HERTONE,100ML,,753546,01042029,,,12,0,250,,250,,0,,6,0,55,897.22,10.7,602.78,72.33,0,0,G,,                    ,,,,,,MARG1095904,30049014,HERTONE,100ML,0,0,0,0,,        0.00E MY N #       0.00A1        0APN,,,,
T,AN,WSI PATENT,GH0093,,DIZESTER,100ML,,799615,00000000,,,12,0,125,,125,,0,,3,0,55,224.31,10.7,150.69,18.08,0,0,G,,                    ,,,,,,MARG92,30049014,DIZESTER,100ML,0,0,0,0,,        0.00E MY N #       0.00A1        0APN,,,,
T,AN,WSI PATENT,GH0563,,ALFALFA PAEDIATRIC 100ML,100ML,,823308,01012030,,,12,0,135,,135,,0,,2,0,55,161.5,10.7,108.5,13.02,0,0,G,,                    ,,,,,,MARG1092930,30049014,ALFALFA PAEDIATRIC 100ML,100ML,135,0,0,0,,        0.00E MY N #     135.00A1        0APN,,,,
T,AN,WSI PATENT,GH0563,,ALFALFA PAEDIATRIC 100ML,100ML,,823308,01012030,,,12,0,145,,135,,0,,1,0,55,86.73,10.7,58.27,6.99,0,0,G,,                    ,,,,,,MARG1092930,30049014,ALFALFA PAEDIATRIC 100ML,100ML,135,0,0,0,,        0.00E MY N #     135.00A1        0APN,,,,
T,AN,WSI PATENT,GH3463,,ALFALFA TONIC SUGAR FREE 200ML,200ML,,0784225,00000000,,,12,0,315,,315,,0,,2,0,55,376.83,10.7,253.17,30.38,0,0,G,,                    ,,,,,,MARG1100746,3004,ALFALFA TONIC SUGAR FREE 200ML,200ML,0,0,0,0,,        0.00E MY N #       0.00A1        0APN,,,,
T,AN,WSI PATENT,GH3501,,RUCK PAIN GEL 25GRM,25GM,,,00000000,,,12,0,90,,0,,0,,12,0,55,646,10.7,434,52.08,0,0,G,,                    ,,,,,,MARG1100828,30049014,RUCK PAIN GEL 25GRM,25GM,0,0,0,0,,        0.00E MY N #       0.00A1        0APN,,,,
T,AN,WSI PATENT,GH0089,,DAMIAPLANT,30ML,,772101,01062029,,,12,0,450,,450,,0,,6,0,55,1658.4,10.7,1041.6,124.99,4,0,G,,                    ,,,,,,MARG88,30049014,DAMIAPLANT,30ML,0,0,0,0,,        0.00E MY N #       0.00A1        0APN,,,,
T,AB,SBL DILUTION,GH1018,,DILUTION 200,30ML,,N4,00000000,,,5,0,120,,120,,0,,251,0,63,19504.96,4.75,10615.04,530.75,0,0,G,,                    ,,,,,,MARG1093727,30901400,DILUTION 200,30ML,120,0,0,0,,        0.00E MY N #     120.00A1        0APN,,,,
T,AB,SBL DILUTION,GH1018,,DILUTION 200,30ML,,N4,00000000,,,5,0,130,,120,,0,,195,0,63,16416.03,4.75,8933.97,446.7,0,0,G,,                    ,,,,,,MARG1093727,30901400,DILUTION 200,30ML,120,0,0,0,,        0.00E MY N #     120.00A1        0APN,,,,
T,AB,SBL DILUTION,GH1018,,DILUTION 200,30ML,,N5,01122029,,,5,0,115,,130,,0,,33,0,63,2457.55,4.75,1337.45,66.87,0,0,G,,                    ,,,,,,MARG1093727,30901400,DILUTION 200,30ML,115,0,0,0,,        0.00E MY N #     115.00A1        0APN,,,,
T,AB,SBL DILUTION,GH1018,,DILUTION 200,30ML,,N5,01122029,,,5,0,100,,130,,0,,9,0,63,582.82,4.75,317.18,15.86,0,0,G,,                    ,,,,,,MARG1093727,30901400,DILUTION 200,30ML,115,0,0,0,,        0.00E MY N #     115.00A1        0APN,,,,
T,AB,SBL DILUTION,GH0843,,DILUTION 30,30ML,,,00000000,,,5,0,105,,105,,0,,276,0,63,18766.72,4.75,10213.28,510.66,0,0,G,,                    ,,,,,,MARG1093330,30901400,DILUTION 30,30ML,0,0,0,0,,        0.00E MY N #       0.00A1        0APN,,,,
T,AB,SBL DILUTION,GH1017,,DILUTION 30,30ML,,,00000000,,,5,0,110,,105,,0,,221,0,63,15742.55,4.75,8567.45,428.37,0,0,G,,                    ,,,,,,MARG1093725,30901400,DILUTION 30,30ML,105,0,0,0,,        0.00E MY N #     105.00A1        0APN,,,,
T,AB,SBL DILUTION,GH1017,,DILUTION 30,30ML,,,00000000,,,5,0,95,,105,,0,,7,0,63,430.64,4.75,234.36,11.72,0,0,G,,                    ,,,,,,MARG1093725,30901400,DILUTION 30,30ML,105,0,0,0,,        0.00E MY N #     105.00A1        0APN,,,,
T,AB,SBL DILUTION,GH1017,,DILUTION 30,30ML,,,00000000,,,5,0,100,,105,,0,,17,0,63,1100.88,4.75,599.12,29.96,0,0,G,,                    ,,,,,,MARG1093725,30901400,DILUTION 30,30ML,105,0,0,0,,        0.00E MY N #     105.00A1        0APN,,,,
T,MEDISY,B K,GH1806,,KOFEEZ SYRUP,450ML,,742,01102029,,,12,0,320,,320,,0,,3,0,52,548.51,10.7,411.49,49.38,0,0,G,,                    ,,,,,,MARG1095844,30049014,KOFEEZ SYRUP,450ML,320,0,0,0,,        0.00E MY N #     320.00A1        0APN,,,,
T,MEDISY,B K,GH0144,,KOFEEZ COUGH SYRUP,120ML,,728,01012029,,,12,0,120,,120,,0,,6,0,52,411.38,10.7,308.62,37.03,0,0,G,,186999              ,,,,,,MARG143,30049014,KOFEEZ COUGH SYRUP,120ML,120,0,0,0,,        0.00E MY N #     120.00A1        0APN,,,,
T,MEDISY,B K,GH1650,,KOFEEZ SYRUP,200ML,,743,01102029,,,12,0,170,,170,,0,,6,0,52,582.79,10.7,437.21,52.47,0,0,G,,                    ,,,,,,MARG1095419,30049014,KOFEEZ SYRUP,200ML,170,0,0,0,,        0.00E MY N #     170.00A1        0APN,,,,
T,MEDISY,B K,GH0433,,WARTEX FORT DROP,30ML,,202,01112029,,,12,0,175,,175,,0,,10,0,52,999.88,10.7,750.12,90.01,0,0,G,,                    ,,,,,,MARG432,30049014,WARTEX FORT DROP,30ML,175,0,0,0,,        0.00E MY N #     175.00A1        0APN,,,,
T,MEDISY,B K,GH0137,,JONDILA FORTE SYRUP,120 ML,,1175,00000000,,,12,0,120,,120,,0,,6,0,52,411.38,10.7,308.62,37.03,0,0,G,,                    ,,,,,,MARG136,30049014,JONDILA FORTE SYRUP,120 ML,120,0,0,0,,        0.00E MY N #     120.00A1        0APN,,,,
T,MEDISY,B K,GH0432,,WARTEX CREAM,20GM,,92,01112029,,,12,0,100,,100,,0,,2,0,52,114.27,10.7,85.73,10.29,0,0,G,,                    ,,,,,,MARG431,30049014,WARTEX CREAM,20GM,100,0,0,0,,        0.00E MY N #     100.00A1        0APN,,,,
T,GJM,BDPL FOOD,GJM005,,LAXAT AID TABS 75TABS,75 TAB,,ST090/2425,01122026,,,18,0,130,,130,,0,,2,0,50,149.82,15.25,110.18,19.83,0,0,G,,                    ,,,,,,MARG1098607,3004,LAXAT AID TABS 75TABS,75 TAB,0,0,0,0,,        0.00E MY N #       0.00A1        0APN,,,,
T,BA,BDPL OINT.,GH2097,,RHEUM AID GEL,50GM,,O188/2425,01012028,,,12,0,105,,105,,0,,6,0,57,388.09,10.7,241.91,29.03,0,0,G,,                    ,,,,,,MARG1096654,30049014,RHEUM AID GEL,50GM,0,0,0,0,,        0.00E MY N #       0.00A1        0APN,,,,
T,BAKSON,BAKSONS DRUGS AND PHARMA,GH0409,,SUNNY ANTILICE SHAMPOO WITH NEEM -150 ML,,,246/2425,01082027,,,18,0,165,,165,,0,,2,0,45,176.18,15.25,153.82,27.69,0,0,G,,                    ,,,,,,MARG407,3004,SUNNY ANTILICE SHAMPOO WITH NE,,150,0,0,0,,        0.00E MY   #     150.00A1        0APN,,,,
T,AW,BDPL PATENT,GH3507,,BAKSOINT 10 CREAM 25GM,25GM,,O116/2425,01092029,,,12,0,75,,75,,0,,5,0,58,234.35,10.7,140.65,16.88,0,0,G,,                    ,,,,,,MARG1100845,30049014,BAKSOINT 10 CREAM 25GM,25GM,0,0,0,0,,        0.00E MY N #       0.00A1        0APN,,,,
T,BB,BDPL COSMETICS,GH3511,,SUNNY HONEY LOTION 100ML,100ML,,073/2425,01042027,,,18,0,120,,120,,0,,2,0,45,128.13,15.25,111.87,20.14,0,0,G,,                    ,,,,,,MARG1100857,3004,SUNNY HONEY LOTION 100ML,100ML,0,0,0,0,,        0.00E MY N #       0.00A1        0APN,,,,
T,WHEEZA,WHEEZAL HOMOEO PHARMA,GH3510,,RHEUMOTEX S.F. SYRUP 120ML,120ML,,WN-02,01072028,,,12,0,155,,155,,0,,2,0,55,185.43,10.7,124.57,14.95,0,0,G,,                    ,,,,,,MARG1100855,30049014,RHEUMOTEX S.F. SYRUP 120ML,120ML,0,0,0,0,,        0.00E MY N #       0.00A1        0APN,,,,
T,WHEEZA,WHEEZAL HOMOEO PHARMA,GH0293,,SARSA SYRUP,120ML,,WO-43,01012030,,,12,0,140,,140,,0,,6,0,55,502.45,10.7,337.55,40.51,0,0,G,,                    ,,,,,,MARG291,30049014,SARSA SYRUP,120ML,135,0,0,0,,        0.00E MY N #     135.00A1        0APN,,,,
T,WHEEZA,WHEEZAL HOMOEO PHARMA,GH3508,,GOSLIM TWIN PACK,TWIN PACK,,WO-04,01112029,,,12,0,300,,300,,0,,4,0,55,717.78,10.7,482.22,57.87,0,0,G,,                    ,,,,,,MARG1100849,30049014,GOSLIM TWIN PACK,TWIN PACK,0,0,0,0,,        0.00E MY N #       0.00A1        0APN,,,,
T,BE,WHEEZAL (COSMETIC),BE0016,,PETROLATUM 100GM,100GM,,WO-02,01032026,,,12,0,200,,200,,0,,2,0,40,185.68,10.7,214.32,25.72,0,0,G,,                    ,,,,,,MARG1099941,30049014,PETROLATUM 100GM,100GM,0,0,0,0,,        0.00E MY N #       0.00A1        0APN,,,,
T,ATGD,LDD PATENT,ATGD17,,CHOLESTRAL DROP,30ML,,LD-305,00000000,,,12,0,160,,160,,0,,2,0,55,195.27,10.7,124.73,14.97,3,0,G,,                    ,,,,,,MARG1094017,30049014,CHOLESTRAL DROP,30ML,0,0,0,0,,        0.00E MY N #       0.00A1        0APN,,,,
T,ATGD,LDD PATENT,ATGD48,,LIPOMA DROPS 30ML,30ML,,LD-255,01122029,,,12,0,170,,170,,0,,2,0,55,203.37,10.7,136.63,16.4,0,0,G,,                    ,,,,,,MARG1100851,30049014,LIPOMA DROPS 30ML,30ML,0,0,0,0,,        0.00E MY N #       0.00A1        0APN,,,,
T,ATGD,LDD PATENT,ATGD47,,DERMOKURE,30ML,,LD-163,01092029,,,12,0,170,,170,,0,,2,0,55,203.37,10.7,136.63,16.4,0,0,G,,                    ,,,,,,MARG1100423,3004,DERMOKURE,30ML,0,0,0,0,,        0.00E MY N #       0.00A1        0APN,,,,
T,ALLEN,ALLEN (A),GH2386,,A-24,30ML,,A003MN,00000000,,,12,0,200,,145,,0,,2,0,50,221.4,10.7,178.6,21.43,0,0,G,,                    ,,,,,,MARG1097540,30049014,A-24,30ML,145,0,0,0,,        0.00E MY   #     145.00A1        0APN,,,,
T,ALLEN,ALLEN (A),GH3197,,A-82,30ML,,,00000000,,,12,0,200,,0,,0,,2,0,50,221.4,10.7,178.6,21.43,0,0,G,,                    ,,,,,,MARG1099850,30049014,A-82,30ML,0,0,0,0,,        0.00E MY N #       0.00A1        0APN,,,,
T,ALLEN,ALLEN (A),GH2286,,A-71 URINARY DROPS,30ML,,A082UTI,01122028,,,12,0,200,,200,,0,,2,0,50,221.4,10.7,178.6,21.43,0,0,G,,                    ,,,,,,MARG1097263,30049014,A-71 URINARY DROPS,30ML,170,0,0,0,,        0.00E MY N #     170.00A1        0APN,,,,
T,ALLEN,ALLEN (A),GH1975,,A-90,30ML,,A003OC,00000000,,,12,0,200,,200,,0,,3,0,50,332.1,10.7,267.9,32.15,0,0,G,,                    ,,,,,,MARG1096271,30049014,A-90,30ML,200,0,0,0,,        0.00E MY N #     200.00A1        0APN,,,,
T,BANGLO,BANGLORE BIO-PLASGENS,GH0404,,SAUNDARYA CREAM,30GM,,SOU-2443,00000000,,,12,0,115,,115,,0,,2,0,42,110.87,10.7,119.13,14.3,0,0,G,,                    ,,,,,,MARG402,30049014,SAUNDARYA CREAM,30GM,115,0,0,0,,        0.00E MY N #     115.00A1        0APN,,,,
T,AK,RSBP,AK0002,,SPONDIN DROP,30ML,,M-1169,01042030,,,12,0,210,,210,,0,,3,0,55,376.83,10.7,253.17,30.38,0,0,G,,                    ,,,,,,MARG1093658,30049014,SPONDIN DROP,30ML,215,0,0,0,,        0.00E MY N #     215.00A1        0APN,,,,
T,LORDS,LORDS HOMOEOPATHIC LABORATORY PVT LTD,GH0403,,SKOOKUM CHUCK OINT.,,,8,01042030,,,5,0,70,,70,,0,,3,0,55,119.99,4.75,90.01,4.5,0,0,G,,                    ,,,,,,MARG401,30901400,SKOOKUM CHUCK OINT.,,70,0,0,0,,        0.00E MY   #      70.00A1        0APN,,,,
T,AW,BDPL PATENT,GH3225,,DERMATO AID,75TAB,,PT374/2425,01102029,,,12,0,215,,215,,0,,2,0,58,268.72,10.7,161.28,19.35,0,0,G,,                    ,,,,,,MARG1099953,30049014,DERMATO AID,75TAB,0,0,0,0,,        0.00E MY N #       0.00A1        0APN,,,,
T,HAPDCO,HAPDCO HERBALS PVT LTD,GH0018,,AQUIPLUS FACE WASH,65ML,,O-542,00000000,,,18,0,105,,99,,0,,2,0,55,125.61,10.7,84.39,15.19,0,0,G,,                    ,,,,,,MARG19,3004,AQUIPLUS FACE WASH,65ML,99,0,0,0,,        0.00E MY N #      99.00A1        0APN,,,,
T,HAPDCO,HAPDCO HERBALS PVT LTD,GH2039,,FAIRWAY CREAM,25GM,,539H,01032029,,,12,0,100,,100,,0,,6,0,55,358.89,10.7,241.11,28.93,0,0,G,,                    ,,,,,,MARG1096474,30049014,FAIRWAY CREAM,25GM,100,0,0,0,,        0.00E MY N #     100.00A1        0APN,,,,
T,HAPDCO,HAPDCO HERBALS PVT LTD,GH2951,,AQUI PLUS FACE PACK,60GM,,O-529,01112027,,,18,0,95,,95,,0,,2,0,55,113.65,10.7,76.35,13.74,0,0,G,,                    ,,,,,,MARG1099108,3004,AQUI PLUS FACE PACK,60GM,95,0,0,0,,        0.00E MY N #      95.00A1        0APN,,,,
T,HAPDCO,HAPDCO HERBALS PVT LTD,A00003,,ARNICA HAIR TONIC,200ML,,616G,00000000,,,12,0,190,,190,,0,,2,0,55,227.3,10.7,152.7,18.32,0,0,G,,                    ,,,,,,MARG1108390,30049014,ARNICA HAIR TONIC,200ML,190,0,0,0,,        0.00E MY N #     190.00A1        0APN,,,,
T,HAPDCO,HAPDCO HERBALS PVT LTD,GH2733,,RELAXOMUV OINTMENT,25GM,,559G,01072028,,,12,0,85,,85,,0,,12,0,55,610.11,10.7,409.89,49.19,0,0,G,,                    ,,,,,,MARG1098487,30049014,RELAXOMUV OINTMENT,25GM,85,0,0,0,,        0.00E MY N #      85.00A1        0APN,,,,
T,HAPDCO,HAPDCO HERBALS PVT LTD,GH2192,,MARK GO FACE WASH,65ML,,O-535,01122027,,,18,0,115,,115,,0,,12,0,55,825.45,10.7,554.55,99.82,0,0,G,,                    ,,,,,,MARG1096932,3004,MARK GO FACE WASH,65ML,115,0,0,0,,        0.00E MY N #     115.00A1        0APN,,,,
T,GE,I.G INDO GERMAN,GE0013,,SEBSUN ARNICA HAIR OIL,200ML,,SAO-06,00000000,,,18,0,190,,190,,0,,3,0,53,330.77,10.7,239.23,43.06,0,0,G,,                    ,,,,,,MARG1095580,3004,SEBSUN ARNICA HAIR OIL,200ML,0,0,0,0,,        0.00E MY N #       0.00A1        0APN,,,,
T,GE,I.G INDO GERMAN,ived GE030,,SEBSUN ARNICA OIL,100ML,,SAO-22,01022029,,,18,0,130,,130,,0,,2,0,53,150.88,10.7,109.12,19.64,0,0,G,,                    ,,,,,,MARG1100011,3004,SEBSUN ARNICA OIL,100ML,0,0,0,0,,        0.00E MY N #       0.00A1        0APN,,,,
T,GE,I.G INDO GERMAN,ived GE037,,ACID CHRYSO OINTMENT 25GM,25GM,,ACO-01,01032028,,,5,0,80,,70,,0,,2,0,53,92.85,10.7,67.15,3.36,0,0,G,,                    ,,,,,,MARG1100859,30049011,ACID CHRYSO OINTMENT 25GM,25GM,0,0,0,0,,        0.00E MY N #       0.00A1        0APN,,,,
T,GE,I.G INDO GERMAN,ived GE021,,WART CARE TAB,25 G M,,WART-02,00000000,,,12,0,160,,0,,0,,3,0,53,278.54,10.7,201.46,24.18,0,0,G,,                    ,,,,,,MARG1098204,30049014,WART CARE TAB,25 G M,0,0,0,0,,        0.00E MY N #       0.00A1        0APN,,,,
T,GE,I.G INDO GERMAN,ived GE025,,I.G TOXI CURE,30ML,,TOX-02/1024,01092029,,,12,0,200,,200,,0,,2,0,53,232.12,10.7,167.88,20.15,0,0,G,,                    ,,,,,,MARG1099308,30049014,I.G TOXI CURE,30ML,0,0,0,0,,        0.00E MY N #       0.00A1        0APN,,,,
T,GE,I.G INDO GERMAN,ived GE010,,DIABI CARE,30ML,,DBT-01,01062029,,,12,0,170,,170,,0,,1,0,53,98.65,10.7,71.35,8.56,0,0,G,,                    ,,,,,,MARG1097054,30049014,DIABI CARE,30ML,0,0,0,0,,        0.00E MY N #       0.00A1        0APN,,,,
T,GE,I.G INDO GERMAN,ived GE010,,DIABI CARE,30ML,,DBT-02,01082027,,,12,0,150,,150,,0,,1,0,53,87.04,10.7,62.96,7.56,0,0,G,,                    ,,,,,,MARG1097054,30049014,DIABI CARE,30ML,0,0,0,0,,        0.00E MY N #       0.00A1        0APN,,,,
T,GBGD,HSL,GBGD20,,WART CORN,10ML,,O-712,01122027,,,12,0,75,,75,,0,,12,0,50,498.15,10.7,401.85,48.22,0,0,G,,                    ,,,,,,MARG1098147,30049014,WART CORN,10ML,0,0,0,0,,        0.00E MY N #       0.00A1        0APN,,,,
T,GE,I.G INDO GERMAN,ived GE036,,COUGHEXO COUGH SYRUP 115ML,115ML,,CXO-07/0225,01012030,,,12,0,120,,120,,0,,2,0,53,139.27,10.7,100.73,12.09,0,0,G,,                    ,,,,,,MARG1100847,30049014,COUGHEXO COUGH SYRUP 115ML,115ML,0,0,0,0,,        0.00E MY N #       0.00A1        0APN,,,,
T,ADVEN,ADVEN BIOTECH PVT LTD,GH0148,,LEUCO FORTE,180ML,,PL250473,01012030,,,12,0,185,,185,,0,,2,0,52,211.4,10.7,158.6,19.03,0,0,G,,                    ,,,,,,MARG147,30049014,LEUCO FORTE,180ML,160,0,0,0,,        0.00E MY N #     160.00A1        0APN,,,,
T,ADVEN,ADVEN BIOTECH PVT LTD,GH3509,,OSTEODIN-Z OINTMENT 25GM,25GM,,A123,01012030,,,12,0,125,,125,,0,,6,0,52,428.52,10.7,321.48,38.58,0,0,G,,                    ,,,,,,MARG1100853,30049014,OSTEODIN-Z OINTMENT 25GM,25GM,0,0,0,0,,        0.00E MY N #       0.00A1        0APN,,,,
T,BO,ADVEN COSMETIC,BO0004,,BLACK HAIR COLOR 30GM,30GM,,NG4003,01122026,,,18,0,70,,70,,0,,12,0,42,427.1,15.25,412.9,74.32,0,0,G,,                    ,,,,,,MARG1098391,3004,BLACK HAIR COLOR 30GM,30GM,0,0,0,0,,        0.00E MY N #       0.00A1        0APN,,,,
T,AG,SBL PATENT,GH2059,,NIXOCID SYRUP,500ML,,UL240225,01072029,,,12,320,320,,320,,0,,3,0,58,599.94,10.7,360.06,43.21,0,0,G,,                    ,,,,,,MARG1096549,30049014,NIXOCID SYRUP,500ML,305,0,0,0,,        0.00E MY N #     305.00A1        0APN,,,,
T,AG,SBL PATENT,GH1968,,UTROFYNE SYRUP,500ML,,HL240735,01102029,,,12,0,320,,320,,0,,2,0,58,399.96,10.7,240.04,28.8,0,0,G,,                    ,,,,,,MARG1096244,30049014,UTROFYNE SYRUP,500ML,0,0,0,0,,        0.00E MY N #       0.00A1        0APN,,,,
T,ABGB,SBL M.T,GH0301,,ALFALFA Q,500ML,,HM240685,01072029,,,5,0,600,,600,,0,,3,0,58,1079.91,4.75,720.09,36,0,0,G,,                    ,,,,,,MARG300,30901400,ALFALFA Q,500ML,0,0,0,0,,        0.00E MY N #       0.00A1        0APN,,,,
T,AG,SBL PATENT,GH0229,,NIXOCID SYRUP,115ML,,HL240159,01022029,,,12,120,120,,120,,0,,3,0,58,224.98,10.7,135.02,16.2,0,0,G,,                    ,,,,,,MARG228,30049014,NIXOCID SYRUP,115ML,120,0,0,0,,        0.00E MY N #     120.00A1        0APN,,,,
T,AG,SBL PATENT,GH0406,,STOBAL COUGH SYRUP-115ML,115ML,,HL250025,01122029,,,12,120,125,,125,,0,,4,0,58,312.47,10.7,187.53,22.5,0,0,G,,                    ,,,,,,MARG404,30049014,STOBAL COUGH SYRUP-115ML,115ML,120,0,0,0,,        0.00E MY N #     120.00A1        0APN,,,,
T,AG,SBL PATENT,GH0406,,STOBAL COUGH SYRUP-115ML,115ML,,HL250025,01122029,,,12,120,120,,125,,0,,2,0,58,149.99,10.7,90.01,10.8,0,0,G,,                    ,,,,,,MARG404,30049014,STOBAL COUGH SYRUP-115ML,115ML,120,0,0,0,,        0.00E MY N #     120.00A1        0APN,,,,
T,AG,SBL PATENT,GH1335,,STOBAL COUGH SYRUP,180ML,,HL250043,01122029,,,12,175,190,,190,,0,,6,0,58,712.43,10.7,427.57,51.31,0,0,G,,490819              ,,,,,,MARG1094618,30049014,STOBAL COUGH SYRUP,180ML,190,0,0,0,,        0.00E MY N #     190.00A1        0APN,,,,
T,AG,SBL PATENT,GH0006,,ALFALFA TONIC,180ML,,HL240800,01112029,,,12,180,180,,180,,0,,5,0,58,562.45,10.7,337.55,40.51,0,0,G,,                    ,,,,,,MARG6,30049014,ALFALFA TONIC,180ML,175,0,0,0,,        0.00E MY N #     175.00A1        0APN,,,,
T,AG,SBL PATENT,GH0429,,UTROFYNE SYRUP -115ML,115ML,,HL240163,01022029,,,12,0,115,,115,,0,,5,0,58,359.34,10.7,215.66,25.88,0,0,G,,                    ,,,,,,MARG428,30049014,UTROFYNE SYRUP -115ML,115ML,0,0,0,0,,        0.00E MY N #       0.00A1        0APN,,,,
T,ABGB,SBL M.T,GH0315,,BERBERIS AQUIFOLIUM Q,30ML,,HM250006,01122029,,,5,0,255,,255,,0,,12,0,58,1835.85,4.75,1224.15,61.21,0,0,G,,                    ,,,,,,MARG314,30901400,BERBERIS AQUIFOLIUM Q,30ML,240,0,0,0,,        0.00E MY N #     240.00A1        0APN,,,,
T,ABGB,SBL M.T,GH1788,,PHYTOLACCA BERRY Q,30ML,,HM250156,01012030,,,5,125,255,,255,,0,,6,0,58,917.92,4.75,612.08,30.6,0,0,G,,                    ,,,,,,MARG1095783,30901400,PHYTOLACCA BERRY Q,30ML,0,0,0,0,,        0.00E MY N #       0.00A1        0APN,,,,
T,BD,SBL SOAPS,BD0001,,BABY CARE SOAP,75GM,,SP250001,01012027,,,18,0,60,,60,,0,,6,0,43,186.09,15.25,173.91,31.3,0,0,G,,                    ,,,,,,MARG1094462,3004,BABY CARE SOAP,75GM,55,0,0,0,,        0.00E MY N #      55.00A1        0APN,,,,
T,BC,SBL COSMETICS-2,GH3057,,GLOWING BEAUTY FACE WASH 100ML,100ML,,KC240247,01072027,,,5,0,130,,130,,0,,12,0,43,806.4,15.25,753.6,37.68,0,0,G,,                    ,,,,,,MARG1099396,30901400,GLOWING BEAUTY FACE WASH 100ML,100ML,0,0,0,0,,        0.00E MY N #       0.00A1        0APN,,,,
T,BC,SBL COSMETICS-2,GH2457,,GLOWING BEAUTY FACE WASH 200ML,200ML,,KC250171,01022028,,,18,0,265,,265,,0,,12,0,43,1643.82,15.25,1536.18,276.51,0,0,G,,                    ,,,,,,MARG1097702,3004,GLOWING BEAUTY FACE WASH 200ML,200ML,250,0,0,0,,        0.00E MY N #     250.00A1        0APN,,,,
T,GBGD,HSL,GBGD01,,LAX YALO,10*10,,A-1593,00000000,,,12,450,45,,45,,0,,60,0,50,1494.45,10.7,1205.55,144.67,0,0,G,,                    ,,,,,,MARG1093624,30049014,LAX YALO,10*10,0,0,0,0,,        0.00E MY N #       0.00A1        0APN,,,,
T,DR REC,DR RECKEWEG,GH0842,,BERBERIS VULGARIS Q,22ML,,2114IN51810A,01012030,,,5,0,181,,295,,0,,50,0,0,429.88,4.75,8620.12,431.01,0,0,G,,                    ,,,,,,MARG1093328,30901400,BERBERIS VULGARIS Q,22ML,0,0,0,0,,        0.00E MY N #       0.00A1        0APN,,,,
F,95338,130910.89,0,0,0,0,,0,6713.3,
