H,1,24-021029,11012025,,00000000,,1,,11012025,,,11012025,07-DELHI,0,0,,0,,,,,,,,,S,,BXAJ,,YEELO HOMOEOPATHY,8478019973,,N 0.00 0.00 0 0.00 0   0.00#  0.00R0:0:0          YY1T  53112.92NAN   99175.00#Y  0Y  46320.08 1N MZ  99433.00      0.00      0.00      0.00N     0.00      0.00      0.00,ZYNYNGAYLN1N1INN1M,M ,2,SHOP.NO.03 BERKA ROAD DHUNELA SOHNA GURUGARM,,,0,0,,                    ,,,,,,,,,<MARGERP FORMAT>
T,017,REGENT TRADING CO,0017023,,1/2 OZ BLOWING 100PCS,,,350.00,00000000,,,18,0,110,,350,,0,,2,0,0,0,0,220,39.6,0,0,G,,                    ,,,,,,MARG15850,39233090,1/2 OZ BLOWING,100PCS,90,0,0,0,,            E MY   #     350.00M1        0ALN,,,,
T,017,REGENT TRADING CO,0017029,,1/2 OZ DROPPING 100PCS,,,280.00,00000000,,,18,0,180,,280,,0,,4,0,0,0,0,720,129.6,0,0,G,,                    ,,,,,,MARG16039,39233090,1/2 OZ DROPPING,100PCS,220,0,0,0,,            E MY   #     280.00M1        0ALN,,,,
T,013,RW,0023487,,10M DILUTION 11ML,,,230.00,00000000,,,5,0,230,,230,,0,,3,0,36,269.42,4.76,420.58,21.02,0,0,G,,                    ,,,,,,MARG15633,30049014,10M DILUTION 11ML,,156,147,0,0,,            E MY N #     230.00M1        0ALN,,,,
T,013,RW,0023483,,1M  DILUTION 11ML,,,210.00,00000000,,,5,195,210,,210,,0,,26,0,36,2131.93,4.76,3328.07,166.4,0,0,G,,                    ,,,,,,MARG15608,30049014,1M  DILUTION 11ML,,180,142,0,0,,            E MY N #     210.00M1        0ALN,,,,
T,017,REGENT TRADING CO,002325,,2 DR BLOWING GRS.,,,150.00,00000000,,,18,0,100,,150,,0,,2,0,0,0,0,200,36,0,0,G,,                    ,,,,,,MARG1073324,39233090,2 DR BLOWING,GRS.,90,0,0,0,,            E MY N #     150.00M1        0ALN,,,,
T,047,DR.WILLMAR SCHWABE (GERMANY),002660,,20ML Q WSI GERMEN,,,305.00,00000000,,,5,0,305,,305,,0,,1,0,36,119.09,4.76,185.91,9.3,0,0,G,,                    ,,,,,,MARG1021406,30039014,20ML Q WSI GERMEN,,0,0,0,0,,            E MY N #     305.00M1        0ALN,,,,
T,013,RW,0023491,,50M DILUTOIN 11ML,,,265.00,00000000,,,5,0,265,,265,,0,,1,0,36,103.47,4.76,161.53,8.08,0,0,G,,                    ,,,,,,MARG15692,30049014,50M DILUTOIN 11ML,,192.32,156,0,0,,            E MY N #     265.00M1        0ALN,,,,
T,007,SBL,006439,,ACONITE NAP 30 30ML,,,C,00000000,,,5,0,105,,105,,0,,1,0,60,65,4.76,40,2,0,0,G,,                    ,,,,,,MARG1043262,30049014,ACONITE NAP 30 30ML,,0,105,0,0,,            E MY N #     105.00M1        0ALN,,,,
T,007,SBL,006439,,ACONITE NAP 30 30ML,,,C,00000000,,,5,0,105,,105,,0,,1,0,60,65,4.76,40,2,0,0,G,,                    ,,,,,,MARG1043262,30049014,ACONITE NAP 30 30ML,,0,105,0,0,,            E MY N #     105.00M1        0ALN,,,,
T,007,SBL,006439,,ACONITE NAP 30 30ML,,,C,00000000,,,5,0,105,,105,,0,,2,0,60,130,4.76,80,4,0,0,G,,                    ,,,,,,MARG1043262,30049014,ACONITE NAP 30 30ML,,0,105,0,0,,            E MY N #     105.00M1        0ALN,,,,
T,007,SBL,304186,,ACONITE NAP 1M 30ML SBL,,,,00000000,,,5,0,135,,135,,0,,1,0,60,83.57,4.76,51.43,2.58,0,0,G,,                    ,,,,,,MARG1055829,30039014,ACONITE NAP 1M 30ML SBL,,0,0,0,0,,            E MY   #     150.00M1        0ALN,,,,
T,007,SBL, 002338,,ACONITE NAP 200 30ML,,,C,00000000,,,5,0,120,,120,,0,,1,0,60,74.28,4.76,45.72,2.28,0,0,G,,                    ,,,,,,MARG1073351,30049014,ACONITE NAP 200 30ML,,0,0,0,0,,            E MY N #     120.00M1        0ALN,,,,
T,007,SBL, 002338,,ACONITE NAP 200 30ML,,,C,00000000,,,5,0,120,,120,,0,,1,0,60,74.28,4.76,45.72,2.28,0,0,G,,                    ,,,,,,MARG1073351,30049014,ACONITE NAP 200 30ML,,0,0,0,0,,            E MY N #     120.00M1        0ALN,,,,
T,007,SBL, 002338,,ACONITE NAP 200 30ML,,,C,00000000,,,5,0,120,,120,,0,,2,0,60,148.57,4.76,91.43,4.58,0,0,G,,                    ,,,,,,MARG1073351,30049014,ACONITE NAP 200 30ML,,0,0,0,0,,            E MY N #     120.00M1        0ALN,,,,
T,*,ADEL,0000402,,AD MOTHER TINC.(H.P.) 20ML,,,410,00000000,,,5,0,410,,410,,0,,1,0,42,183.52,4.76,226.48,11.32,0,0,G,,                    ,,,,,,MARG1011263,30049014,AD MOTHER TINC.(H.P.) 20ML,,200,285,0,0,,            E MY N #     410.00M1        0ALN,,,,
T,007,SBL,015701,,AESCULUS HIP 30 30ML SBL,,,C,00000000,,,5,0,105,,80,,0,,1,0,60,65,4.76,40,2,0,0,G,,                    ,,,,,,MARG1059034,30039014,AESCULUS HIP 30 30ML SBL,,0,0,0,0,,            E MY N #     105.00M1        0ALN,,,,
T,007,SBL,015701,,AESCULUS HIP 30 30ML SBL,,,C,00000000,,,5,0,80,,80,,0,,1,0,60,49.52,4.76,30.48,1.52,0,0,G,,                    ,,,,,,MARG1059034,30039014,AESCULUS HIP 30 30ML SBL,,0,0,0,0,,            E MY N #     105.00M1        0ALN,,,,
T,007,SBL,015701,,AESCULUS HIP 30 30ML SBL,,,C,00000000,,,5,0,105,,80,,0,,2,0,60,130,4.76,80,4,0,0,G,,                    ,,,,,,MARG1059034,30039014,AESCULUS HIP 30 30ML SBL,,0,0,0,0,,            E MY N #      80.00M1        0ALN,,,,
T,007,SBL,0007215,,AESCULUS.H 200 30ML,,,C,00000000,,,5,0,115,,115,,0,,2,0,60,142.38,4.76,87.62,4.38,0,0,G,,                    ,,,,,,MARG16195,30049014,AESCULUS.H 200 30ML,,38.46,0,0,0,,            E MY N #     115.00M1        0ALN,,,,
T,007,SBL,303539,,AMBRA GRI 30 30ML SBL,,,43/N/2,00000000,,,5,0,105,,105,,0,,1,0,60,65,4.76,40,2,0,0,G,,                    ,,,,,,MARG1054448,30039014,AMBRA GRI 30 30ML SBL,,0,0,0,0,,            E MY N #     105.00M1        0ALN,,,,
T,022,DR.WILLMAR SCHWABE INDIA,0003465,,AMMI VISNAGA Q 30 ml,,,12/1/G,00000000,,,5,0,410,,410,,0,,2,0,50,429.52,4.76,390.48,19.52,0,0,G,,                    ,,,,,,MARG939,30049014,AMMI VISNAGA Q 30 ml,,0,0,0,0,,            E MY N #     410.00M1        0ALN,,,,
T,007,SBL,A01797,,ANACARD ORI 200 30ML SBL,,,C,00000000,,,5,0,115,,115,,0,,2,0,60,142.38,4.76,87.62,4.38,0,0,G,,                    ,,,,,,MARG1050578,30039014,ANACARD ORI 200 30ML SBL,,0,0,0,0,,            E MY N #     115.00M1        0ALN,,,,
T,007,SBL,0007242,,ANACARDIUM.ORI 30 30ml,,,C,00000000,,,5,0,100,,100,,0,,1,0,60,61.9,4.76,38.1,1.9,0,0,G,,                    ,,,,,,MARG16279,30039014,ANACARDIUM.ORI 30 30ml,,38.46,0,0,0,,            E MY N #     100.00M1        0ALN,,,,
T,007,SBL,0007242,,ANACARDIUM.ORI 30 30ml,,,C,00000000,,,5,0,100,,100,,0,,1,0,60,61.9,4.76,38.1,1.9,0,0,G,,                    ,,,,,,MARG16279,30039014,ANACARDIUM.ORI 30 30ml,,38.46,0,0,0,,            E MY N #     100.00M1        0ALN,,,,
T,007,SBL,0007242,,ANACARDIUM.ORI 30 30ml,,,C,00000000,,,5,0,100,,100,,0,,2,0,60,123.81,4.76,76.19,3.8,0,0,G,,                    ,,,,,,MARG16279,30039014,ANACARDIUM.ORI 30 30ml,,38.46,0,0,0,,            E MY N #     100.00M1        0ALN,,,,
T,007,SBL,0024225,,ANTIM CRUD 30 30 ML SBL,,,C,00000000,,,5,0,100,,100,,0,,2,0,60,123.81,4.76,76.19,3.8,0,0,G,,                    ,,,,,,MARG7714,30039014,ANTIM CRUD 30 30 ML SBL,,0,0,0,0,,            E MY N #     100.00M1        0ALN,,,,
T,007,SBL,303559,,ANTIM CRUD 1M 30ML SBL,,,29/16,00000000,,,5,0,150,,150,,0,,2,0,60,185.71,4.76,114.29,5.72,0,0,G,,                    ,,,,,,MARG1054498,30039014,ANTIM CRUD 1M 30ML SBL,,0,0,0,0,,            E MY N #     150.00M1        0ALN,,,,
T,007,SBL,0007392,,ANTIM.CRUD 200 30ML SBL,,,C,00000000,,,5,0,115,,115,,0,,2,0,60,142.38,4.76,87.62,4.38,0,0,G,,                    ,,,,,,MARG16765,30039014,ANTIM.CRUD 200 30ML SBL,,115,0,0,0,,            E MY N #     115.00M1        0ALN,,,,
T,007,SBL,A01378,,APIS MEL 1M 30ML SBL,,,43/N/24/25,00000000,,,5,0,150,,150,,0,,2,0,60,185.71,4.76,114.29,5.72,0,0,G,,                    ,,,,,,MARG1049718,30039014,APIS MEL 1M 30ML SBL,,0,0,0,0,,            E MY N #     150.00M1        0ALN,,,,
T,007,SBL,A00027,,APIS MEL 200 30 ML SBL,,,C,00000000,,,5,0,115,,115,,0,,2,0,60,142.38,4.76,87.62,4.38,0,0,G,,                    ,,,,,,MARG1043311,30039014,APIS MEL 200 30 ML SBL,,0,0,0,0,,            E MY N #     115.00M1        0ALN,,,,
T,007,SBL,A00007,,APIS MEL 30 30ML,,,C,00000000,,,5,0,100,,105,,0,,2,0,60,123.81,4.76,76.19,3.8,0,0,G,,                    ,,,,,,MARG1043268,30049014,APIS MEL 30 30ML,,105,0,0,0,,            E MY N #     105.00M1        0ALN,,,,
T,007,SBL,304140,,ARGENTUM MET 1M 30ML SBL,,,,00000000,,,5,0,150,,150,,0,,2,0,60,185.71,4.76,114.29,5.72,0,0,G,,                    ,,,,,,MARG1055732,30039014,ARGENTUM MET 1M 30ML SBL,,0,0,0,0,,            E MY   #     150.00M1        0ALN,,,,
T,007,SBL,004625,,ARGENTUM NIT 200 30ML SBL,,,C,00000000,,,5,0,115,,115,,0,,2,0,60,142.38,4.76,87.62,4.38,0,0,G,,                    ,,,,,,MARG1056755,30039014,ARGENTUM NIT 200 30ML SBL,,0,0,0,0,,            E MY N #     115.00M1        0ALN,,,,
T,007,SBL,004627,,ARGENTUM NIT 30 30ML SBL,,,C,00000000,,,5,0,100,,100,,0,,2,0,60,123.81,4.76,76.19,3.8,0,0,G,,                    ,,,,,,MARG1056759,30039014,ARGENTUM NIT 30 30ML SBL,,0,0,0,0,,            E MY N #     100.00M1        0ALN,,,,
T,007,SBL,0007261,,ARNICA MONT 200 30ML SBL,,,C,00000000,,,5,0,120,,120,,0,,1,0,60,74.28,4.76,45.72,2.28,0,0,G,,                    ,,,,,,MARG16321,30049014,ARNICA MONT 200 30ML SBL,,120,0,0,0,,            E MY N #     120.00M1        0ALN,,,,
T,007,SBL,0007261,,ARNICA MONT 200 30ML SBL,,,C,00000000,,,5,0,120,,120,,0,,2,0,60,148.57,4.76,91.43,4.58,0,0,G,,                    ,,,,,,MARG16321,30049014,ARNICA MONT 200 30ML SBL,,120,0,0,0,,            E MY N #     120.00M1        0ALN,,,,
T,007,SBL,0007287,,ARNICA.MONT 30 30ml,,,C,00000000,,,5,0,105,,105,,0,,1,0,60,65,4.76,40,2,0,0,G,,                    ,,,,,,MARG16397,30049014,ARNICA.MONT 30 30ml,,39.45,0,0,0,,            E MY N #     105.00M1        0ALN,,,,
T,007,SBL,0007287,,ARNICA.MONT 30 30ml,,,C,00000000,,,5,0,105,,105,,0,,2,0,60,130,4.76,80,4,0,0,G,,                    ,,,,,,MARG16397,30049014,ARNICA.MONT 30 30ml,,39.45,0,0,0,,            E MY N #     105.00M1        0ALN,,,,
T,007,SBL,0007444,,ARNICA.MONT 1M 30ml,,,43/N/32,00000000,,,5,0,150,,150,,0,,2,0,60,185.71,4.76,114.29,5.72,0,0,G,,                    ,,,,,,MARG16947,30049014,ARNICA.MONT 1M 30ml,,52.9,0,0,0,,            E MY N #     150.00M1        0ALN,,,,
T,007,SBL,0007465,,ARS.ALB 200 30ML,,,C,00000000,,,5,0,120,,115,,0,,1,0,60,74.28,4.76,45.72,2.28,0,0,G,,                    ,,,,,,MARG17033,30039014,ARS.ALB 200 30ML,,115,0,0,0,,            E MY N #     115.00M1        0ALN,,,,
T,007,SBL,0007465,,ARS.ALB 200 30ML,,,C,00000000,,,5,0,115,,115,,0,,1,0,60,71.19,4.76,43.81,2.2,0,0,G,,                    ,,,,,,MARG17033,30039014,ARS.ALB 200 30ML,,115,0,0,0,,            E MY N #     115.00M1        0ALN,,,,
T,007,SBL,0007465,,ARS.ALB 200 30ML,,,C,00000000,,,5,0,115,,115,,0,,2,0,60,142.38,4.76,87.62,4.38,0,0,G,,                    ,,,,,,MARG17033,30039014,ARS.ALB 200 30ML,,115,0,0,0,,            E MY N #     115.00M1        0ALN,,,,
T,007,SBL,A01737,,ARSENIC ALB 30 30ML SBL,,,C,00000000,,,5,0,105,,105,,0,,1,0,60,65,4.76,40,2,0,0,G,,                    ,,,,,,MARG1050455,30039014,ARSENIC ALB 30 30ML SBL,,105,0,0,0,,            E MY N #     105.00M1        0ALN,,,,
T,007,SBL,A01737,,ARSENIC ALB 30 30ML SBL,,,C,00000000,,,5,0,105,,105,,0,,1,0,60,65,4.76,40,2,0,0,G,,                    ,,,,,,MARG1050455,30039014,ARSENIC ALB 30 30ML SBL,,105,0,0,0,,            E MY N #     105.00M1        0ALN,,,,
T,007,SBL,A01737,,ARSENIC ALB 30 30ML SBL,,,C,00000000,,,5,0,105,,105,,0,,2,0,60,130,4.76,80,4,0,0,G,,                    ,,,,,,MARG1050455,30039014,ARSENIC ALB 30 30ML SBL,,105,0,0,0,,            E MY N #     105.00M1        0ALN,,,,
T,007,SBL,A01459,,ARSENIC IOD 30 30ML SBL,,,40/3,00000000,,,5,0,105,,105,,0,,2,0,60,130,4.76,80,4,0,0,G,,                    ,,,,,,MARG1049886,30039014,ARSENIC IOD 30 30ML SBL,,0,0,0,0,,            E MY N #     105.00M1        0ALN,,,,
T,007,SBL,A01459,,ARSENIC IOD 30 30ML SBL,,,43/N/2,00000000,,,5,0,105,,105,,0,,1,0,60,65,4.76,40,2,0,0,G,,                    ,,,,,,MARG1049886,30039014,ARSENIC IOD 30 30ML SBL,,0,0,0,0,,            E MY N #     105.00M1        0ALN,,,,
T,007,SBL,A01459,,ARSENIC IOD 30 30ML SBL,,,43/N/2,00000000,,,5,0,105,,105,,0,,1,0,60,65,4.76,40,2,0,0,G,,                    ,,,,,,MARG1049886,30039014,ARSENIC IOD 30 30ML SBL,,0,0,0,0,,            E MY N #     105.00M1        0ALN,,,,
T,007,SBL,A01689,,ARSENIC IOD 200 30ML SBL,,,43/N/17,00000000,,,5,0,120,,120,,0,,2,0,60,148.57,4.76,91.43,4.58,0,0,G,,                    ,,,,,,MARG1050358,30039014,ARSENIC IOD 200 30ML SBL,,0,0,0,0,,            E MY N #     120.00M1        0ALN,,,,
T,007,SBL,016427,,ARSENIC SUL FLA 10M 30ML SBL,,,35/1,00000000,,,5,0,300,,0,,0,,1,0,60,185.71,4.76,114.29,5.72,0,0,G,,                    ,,,,,,MARG1060562,30039014,ARSENIC SUL FLA 10M 30ML SBL,,0,0,0,0,,            E MY N #       0.00M1        0ALN,,,,
T,007,SBL,A01653,,AURUM MET 30 30ML SBL,,,17\1,00000000,,,5,0,105,,105,,0,,1,0,60,65,4.76,40,2,0,0,G,,                    ,,,,,,MARG1050284,30039014,AURUM MET 30 30ML SBL,,0,0,0,0,,            E MY N #     105.00M1        0ALN,,,,
T,007,SBL,A01653,,AURUM MET 30 30ML SBL,,,17\1,00000000,,,5,0,105,,105,,0,,1,0,60,65,4.76,40,2,0,0,G,,                    ,,,,,,MARG1050284,30039014,AURUM MET 30 30ML SBL,,0,0,0,0,,            E MY N #     105.00M1        0ALN,,,,
T,007,SBL,A01828,,AURUM MET 200 30ML SBL,,,40/13,00000000,,,5,0,120,,120,,0,,2,0,60,148.57,4.76,91.43,4.58,0,0,G,,                    ,,,,,,MARG1050643,30039014,AURUM MET 200 30ML SBL,,0,0,0,0,,            E MY N #     120.00M1        0ALN,,,,
T,007,SBL,005059,,AVENA SAT Q 500ML SBL,,,46/41,01072029,,,5,0,600,,600,,0,,1,0,55,342.85,4.76,257.15,12.86,0,0,G,,                    ,,,,,,MARG1057687,30039014,AVENA SAT Q 500ML SBL,,0,0,0,0,,            E MY N #     600.00M1        0ALN,,,,
T,008,BAKSON, 002123,,BAK C.DERM AID SOAP 75GMS,,,55,00000000,,,18,0,55,,55,,0,,3,0,45,88.09,15.25,76.91,13.84,0,0,G,,                    ,,,,,,MARG1062994,33059040,BAK C.DERM AID SOAP 75GMS,,45,0,0,0,,            E MY N #      55.00M1        0ALN,,,,
T,008,BAKSON,006115,,BAK HT.DERMATO AID TAB 75TAB,,,185.00,00000000,,,12,0,185,,185,,0,,3,0,58,346.87,10.71,208.13,24.98,0,0,G,,                    ,,,,,,MARG1042735,30049014,BAK HT.DERMATO AID TAB 75TAB,,0,0,0,0,,            E MY N #     185.00M1        0ALN,,,,
T,008,BAKSON, 000609,,BAK HT.THROAT AID TAB NET QTY 41G,,,PT269/2425,01082029,,,12,0,215,,215,,0,,1,0,58,134.37,10.71,80.63,9.68,0,0,G,,                    ,,,,,,MARG1021729,30049014,BAK HT.THROAT AID TAB NET QTY,,215,0,0,0,,            E MY N #     215.00M1        0ALN,,,,
T,007,SBL,A01356,,BAPTISIA TIN 30 30ML SBL,,,C,00000000,,,5,0,100,,100,,0,,1,0,60,61.9,4.76,38.1,1.9,0,0,G,,                    ,,,,,,MARG1049673,30039014,BAPTISIA TIN 30 30ML SBL,,0,0,0,0,,            E MY N #     100.00M1        0ALN,,,,
T,007,SBL,A01356,,BAPTISIA TIN 30 30ML SBL,,,C,00000000,,,5,0,90,,100,,0,,1,0,60,55.71,4.76,34.29,1.72,0,0,G,,                    ,,,,,,MARG1049673,30039014,BAPTISIA TIN 30 30ML SBL,,0,0,0,0,,            E MY N #     100.00M1        0ALN,,,,
T,007,SBL,303001,,BAPTISIA TIN 200 30ML,,,C,00000000,,,5,0,115,,115,,0,,2,0,60,142.38,4.76,87.62,4.38,0,0,G,,                    ,,,,,,MARG1053270,30039014,BAPTISIA TIN 200 30ML,,0,0,0,0,,            E MY N #     115.00M1        0ALN,,,,
T,007,SBL,A01813,,BARYTA CARB 30 30ML SBL,,,C,00000000,,,5,0,105,,105,,0,,1,0,60,65,4.76,40,2,0,0,G,,                    ,,,,,,MARG1050612,30039014,BARYTA CARB 30 30ML SBL,,0,0,0,0,,            E MY N #     105.00M1        0ALN,,,,
T,007,SBL,A01813,,BARYTA CARB 30 30ML SBL,,,C,00000000,,,5,0,105,,105,,0,,1,0,60,65,4.76,40,2,0,0,G,,                    ,,,,,,MARG1050612,30039014,BARYTA CARB 30 30ML SBL,,0,0,0,0,,            E MY N #     105.00M1        0ALN,,,,
T,007,SBL,A01813,,BARYTA CARB 30 30ML SBL,,,C,00000000,,,5,0,105,,105,,0,,2,0,60,130,4.76,80,4,0,0,G,,                    ,,,,,,MARG1050612,30039014,BARYTA CARB 30 30ML SBL,,0,0,0,0,,            E MY N #     105.00M1        0ALN,,,,
T,007,SBL,A01892,,BARYTA CARB 1M 30ML SBL,,,40/22,00000000,,,5,0,150,,150,,0,,2,0,60,185.71,4.76,114.29,5.72,0,0,G,,                    ,,,,,,MARG1050775,30039014,BARYTA CARB 1M 30ML SBL,,0,0,0,0,,            E MY N #     150.00M1        0ALN,,,,
T,007,SBL, 002443,,BARYTA CARB 200 30ML,,,C,00000000,,,5,0,115,,120,,0,,2,0,60,142.38,4.76,87.62,4.38,0,0,G,,                    ,,,,,,MARG1073564,30039014,BARYTA CARB 200 30ML,,120,0,0,0,,            E MY N #     120.00M1        0ALN,,,,
T,007,SBL,0007171,,BELLADONNA 200 30ml SBL,,,C,00000000,,,5,0,115,,115,,0,,1,0,60,71.19,4.76,43.81,2.2,0,0,G,,                    ,,,,,,MARG15975,30039014,BELLADONNA 200 30ml SBL,,115,0,0,0,,            E MY N #     115.00M1        0ALN,,,,
T,007,SBL,0007171,,BELLADONNA 200 30ml SBL,,,C,00000000,,,5,0,115,,115,,0,,2,0,60,142.38,4.76,87.62,4.38,0,0,G,,                    ,,,,,,MARG15975,30039014,BELLADONNA 200 30ml SBL,,115,0,0,0,,            E MY N #     115.00M1        0ALN,,,,
T,007,SBL,A01324,,BELLADONNA 30 30ML SBL,,,C,00000000,,,5,0,100,,100,,0,,1,0,60,61.9,4.76,38.1,1.9,0,0,G,,                    ,,,,,,MARG1049602,30039014,BELLADONNA 30 30ML SBL,,100,0,0,0,,            E MY N #     100.00M1        0ALN,,,,
T,007,SBL,A01324,,BELLADONNA 30 30ML SBL,,,C,00000000,,,5,0,100,,100,,0,,2,0,60,123.81,4.76,76.19,3.8,0,0,G,,                    ,,,,,,MARG1049602,30039014,BELLADONNA 30 30ML SBL,,100,0,0,0,,            E MY N #     100.00M1        0ALN,,,,
T,007,SBL,303570,,BELLADONNA 1M 30ML SBL,,,40/30,00000000,,,5,0,150,,150,,0,,2,0,60,185.71,4.76,114.29,5.72,0,0,G,,                    ,,,,,,MARG1054520,30039014,BELLADONNA 1M 30ML SBL,,150,0,0,0,,            E MY N #     150.00M1        0ALN,,,,
T,007,SBL,303570,,BELLADONNA 1M 30ML SBL,,,43N/32/33/38,00000000,,,5,0,150,,150,,0,,1,0,60,92.86,4.76,57.14,2.86,0,0,G,,                    ,,,,,,MARG1054520,30039014,BELLADONNA 1M 30ML SBL,,150,0,0,0,,            E MY N #     150.00M1        0ALN,,,,
T,007,SBL,A01690,,BERB VUL 30 30ML SBL,,,43/N/15,00000000,,,5,0,105,,105,,0,,1,0,60,65,4.76,40,2,0,0,G,,                    ,,,,,,MARG1050360,30039014,BERB VUL 30 30ML SBL,,0,0,0,0,,            E MY N #     105.00M1        0ALN,,,,
T,007,SBL,A01690,,BERB VUL 30 30ML SBL,,,43/N/15,00000000,,,5,0,105,,105,,0,,1,0,60,65,4.76,40,2,0,0,G,,                    ,,,,,,MARG1050360,30039014,BERB VUL 30 30ML SBL,,0,0,0,0,,            E MY N #     105.00M1        0ALN,,,,
T,007,SBL,A01690,,BERB VUL 30 30ML SBL,,,43/N/15,00000000,,,5,0,105,,105,,0,,2,0,60,130,4.76,80,4,0,0,G,,                    ,,,,,,MARG1050360,30039014,BERB VUL 30 30ML SBL,,0,0,0,0,,            E MY N #     105.00M1        0ALN,,,,
T,013,RW,0023285,,BERB VULG Q 20ML,,,270.00,00000000,,,5,0,270,,270,,0,,10,0,36,1054.25,4.76,1645.75,82.28,0,0,G,,                    ,,,,,,MARG5978,30039014,BERB VULG Q 20ML,,0,171,0,0,,            E MY N #     270.00M1        0ALN,,,,
T,007,SBL, 002474,,BERB.VUL 200 30ML,,,40/29,00000000,,,5,0,120,,120,,0,,2,0,60,148.57,4.76,91.43,4.58,0,0,G,,                    ,,,,,,MARG1073626,30049014,BERB.VUL 200 30ML,,0,0,0,0,,            E MY N #     120.00M1        0ALN,,,,
T,007,SBL,A00070,,BOERHAAVIA DIFFUSA Q 30ML,,,6/1,01082029,,,5,0,110,,110,,0,,3,0,55,188.57,4.76,141.43,7.08,0,0,G,,                    ,,,,,,MARG1043392,30049014,BOERHAAVIA DIFFUSA Q 30ML,,0,0,0,0,,            E MY N #     110.00M1        0ALN,,,,
T,007,SBL,A01738,,BORAX 200 30ML SBL,,,17\15,00000000,,,5,0,120,,120,,0,,2,0,60,148.57,4.76,91.43,4.58,0,0,G,,                    ,,,,,,MARG1050457,30039014,BORAX 200 30ML SBL,,0,0,0,0,,            E MY N #     120.00M1        0ALN,,,,
T,007,SBL,A00071,,BORAX 30 30ML,,,19/10,00000000,,,5,0,105,,105,,0,,1,0,60,65,4.76,40,2,0,0,G,,                    ,,,,,,MARG1043397,30049014,BORAX 30 30ML,,0,0,0,0,,            E MY N #     105.00M1        0ALN,,,,
T,007,SBL,A00071,,BORAX 30 30ML,,,40/24,00000000,,,5,0,105,,105,,0,,2,0,60,130,4.76,80,4,0,0,G,,                    ,,,,,,MARG1043397,30049014,BORAX 30 30ML,,0,0,0,0,,            E MY N #     105.00M1        0ALN,,,,
T,007,SBL,0024570,,BRYONIA ALB 1M 30 ml,,,43/N/33,00000000,,,5,0,150,,150,,0,,2,0,60,185.71,4.76,114.29,5.72,0,0,G,,                    ,,,,,,MARG8420,30049014,BRYONIA ALB 1M 30 ml,,135,0,0,0,,            E MY N #     150.00M1        0ALN,,,,
T,007,SBL,A00025,,BRYONIA ALB 30 30ML,,,C,00000000,,,5,0,100,,100,,0,,1,0,60,61.9,4.76,38.1,1.9,0,0,G,,                    ,,,,,,MARG1043307,30049014,BRYONIA ALB 30 30ML,,100,0,0,0,,            E MY N #     100.00M1        0ALN,,,,
T,007,SBL,A00025,,BRYONIA ALB 30 30ML,,,C,00000000,,,5,0,100,,100,,0,,1,0,60,61.9,4.76,38.1,1.9,0,0,G,,                    ,,,,,,MARG1043307,30049014,BRYONIA ALB 30 30ML,,100,0,0,0,,            E MY N #     100.00M1        0ALN,,,,
T,007,SBL,A00025,,BRYONIA ALB 30 30ML,,,C,00000000,,,5,0,100,,100,,0,,2,0,60,123.81,4.76,76.19,3.8,0,0,G,,                    ,,,,,,MARG1043307,30049014,BRYONIA ALB 30 30ML,,100,0,0,0,,            E MY N #     100.00M1        0ALN,,,,
T,007,SBL,A00026,,BRYONIA ALB 200 30ML,,,C,00000000,,,5,0,115,,115,,0,,1,0,60,71.19,4.76,43.81,2.2,0,0,G,,                    ,,,,,,MARG1043309,30049014,BRYONIA ALB 200 30ML,,0,0,0,0,,            E MY N #     120.00M1        0ALN,,,,
T,007,SBL,A00026,,BRYONIA ALB 200 30ML,,,C,00000000,,,5,0,115,,115,,0,,1,0,60,71.19,4.76,43.81,2.2,0,0,G,,                    ,,,,,,MARG1043309,30049014,BRYONIA ALB 200 30ML,,0,0,0,0,,            E MY N #     120.00M1        0ALN,,,,
T,007,SBL,A00026,,BRYONIA ALB 200 30ML,,,C,00000000,,,5,0,120,,115,,0,,2,0,60,148.57,4.76,91.43,4.58,0,0,G,,                    ,,,,,,MARG1043309,30049014,BRYONIA ALB 200 30ML,,0,0,0,0,,            E MY N #     115.00M1        0ALN,,,,
T,007,SBL,A01770,,CALCAREA CARB 30 30ML SBL,,,C,00000000,,,5,0,95,,100,,0,,1,0,60,58.81,4.76,36.19,1.8,0,0,G,,                    ,,,,,,MARG1050524,30039014,CALCAREA CARB 30 30ML SBL,,0,0,0,0,,            E MY N #     100.00M1        0ALN,,,,
T,007,SBL,A01770,,CALCAREA CARB 30 30ML SBL,,,C,00000000,,,5,0,100,,100,,0,,1,0,60,61.9,4.76,38.1,1.9,0,0,G,,                    ,,,,,,MARG1050524,30039014,CALCAREA CARB 30 30ML SBL,,0,0,0,0,,            E MY N #     100.00M1        0ALN,,,,
T,007,SBL,A01770,,CALCAREA CARB 30 30ML SBL,,,C,00000000,,,5,0,95,,100,,0,,2,0,60,117.62,4.76,72.38,3.62,0,0,G,,                    ,,,,,,MARG1050524,30039014,CALCAREA CARB 30 30ML SBL,,0,0,0,0,,            E MY N #     100.00M1        0ALN,,,,
T,007,SBL,A01774,,CALCAREA CARB 200 30ML SBL,,,48/N/19,00000000,,,5,0,115,,0,,0,,2,0,60,142.38,4.76,87.62,4.38,0,0,G,,                    ,,,,,,MARG1050532,30039014,CALCAREA CARB 200 30ML SBL,,0,0,0,0,,            E MY N #       0.00M1        0ALN,,,,
T,007,SBL,A01774,,CALCAREA CARB 200 30ML SBL,,,C,00000000,,,5,0,115,,115,,0,,1,0,60,71.19,4.76,43.81,2.2,0,0,G,,                    ,,,,,,MARG1050532,30039014,CALCAREA CARB 200 30ML SBL,,0,0,0,0,,            E MY N #     115.00M1        0ALN,,,,
T,007,SBL,A01774,,CALCAREA CARB 200 30ML SBL,,,C,00000000,,,5,0,115,,115,,0,,1,0,60,71.19,4.76,43.81,2.2,0,0,G,,                    ,,,,,,MARG1050532,30039014,CALCAREA CARB 200 30ML SBL,,0,0,0,0,,            E MY N #     115.00M1        0ALN,,,,
T,007,SBL,303010,,CALCAREA FLU 1M 30ML,,,40/31,00000000,,,5,0,150,,150,,0,,2,0,60,185.71,4.76,114.29,5.72,0,0,G,,                    ,,,,,,MARG1053289,30039014,CALCAREA FLU 1M 30ML,,0,0,0,0,,            E MY N #     150.00M1        0ALN,,,,
T,007,SBL,004731,,CALCAREA FLU 200 30 ML SBL,,,C,00000000,,,5,0,115,,115,,0,,2,0,60,142.38,4.76,87.62,4.38,0,0,G,,                    ,,,,,,MARG1056982,30039014,CALCAREA FLU 200 30 ML SBL,,115,0,0,0,,            E MY N #     115.00M1        0ALN,,,,
T,007,SBL, A01226,,CALCAREA HYPO 30 30ML SBL,,,35/4,00000000,,,5,0,100,,90,,0,,2,0,60,123.81,4.76,76.19,3.8,0,0,G,,                    ,,,,,,MARG1049394,30039014,CALCAREA HYPO 30 30ML SBL,,0,0,0,0,,            E MY N #      90.00M1        0ALN,,,,
T,007,SBL,A01744,,CALCAREA PHOS 1M 30ML SBL,,,29/16,00000000,,,5,0,150,,150,,0,,2,0,60,185.71,4.76,114.29,5.72,0,0,G,,                    ,,,,,,MARG1050469,30039014,CALCAREA PHOS 1M 30ML SBL,,0,0,0,0,,            E MY N #     150.00M1        0ALN,,,,
T,007,SBL,A01744,,CALCAREA PHOS 1M 30ML SBL,,,48N/25,00000000,,,5,0,150,,0,,0,,1,0,60,92.86,4.76,57.14,2.86,0,0,G,,                    ,,,,,,MARG1050469,30039014,CALCAREA PHOS 1M 30ML SBL,,0,0,0,0,,            E MY N #       0.00M1        0ALN,,,,
T,007,SBL,A02209,,CALCAREA PHOS 200 30ML SBL,,,C,00000000,,,5,0,115,,115,,0,,1,0,60,71.19,4.76,43.81,2.2,0,0,G,,                    ,,,,,,MARG1052331,30039014,CALCAREA PHOS 200 30ML SBL,,0,0,0,0,,            E MY N #     115.00M1        0ALN,,,,
T,007,SBL,A02209,,CALCAREA PHOS 200 30ML SBL,,,C,00000000,,,5,0,115,,115,,0,,1,0,60,71.19,4.76,43.81,2.2,0,0,G,,                    ,,,,,,MARG1052331,30039014,CALCAREA PHOS 200 30ML SBL,,0,0,0,0,,            E MY N #     115.00M1        0ALN,,,,
T,007,SBL,A02209,,CALCAREA PHOS 200 30ML SBL,,,C,00000000,,,5,0,115,,115,,0,,2,0,60,142.38,4.76,87.62,4.38,0,0,G,,                    ,,,,,,MARG1052331,30039014,CALCAREA PHOS 200 30ML SBL,,0,0,0,0,,            E MY N #     115.00M1        0ALN,,,,
T,007,SBL,004614,,CALCAREA PHOS 30 30ML SBL,,,C,00000000,,,5,0,100,,100,,0,,1,0,60,61.9,4.76,38.1,1.9,0,0,G,,                    ,,,,,,MARG1056733,30039014,CALCAREA PHOS 30 30ML SBL,,0,0,0,0,,            E MY N #     100.00M1        0ALN,,,,
T,007,SBL,004614,,CALCAREA PHOS 30 30ML SBL,,,C,00000000,,,5,0,100,,100,,0,,1,0,60,61.9,4.76,38.1,1.9,0,0,G,,                    ,,,,,,MARG1056733,30039014,CALCAREA PHOS 30 30ML SBL,,0,0,0,0,,            E MY N #     100.00M1        0ALN,,,,
T,007,SBL,004614,,CALCAREA PHOS 30 30ML SBL,,,C,00000000,,,5,0,100,,100,,0,,2,0,60,123.81,4.76,76.19,3.8,0,0,G,,                    ,,,,,,MARG1056733,30039014,CALCAREA PHOS 30 30ML SBL,,0,0,0,0,,            E MY N #     100.00M1        0ALN,,,,
T,007,SBL,A01363,,CALCAREA SULP 30 30ML SBL,,,40/3-4,00000000,,,5,0,105,,105,,0,,2,0,60,130,4.76,80,4,0,0,G,,                    ,,,,,,MARG1049688,30039014,CALCAREA SULP 30 30ML SBL,,0,0,0,0,,            E MY N #     105.00M1        0ALN,,,,
T,007,SBL,A01647,,CALCAREA SULP 200 30ML SBL,,,43/N/17,00000000,,,5,0,120,,120,,0,,2,0,60,148.57,4.76,91.43,4.58,0,0,G,,                    ,,,,,,MARG1050272,30039014,CALCAREA SULP 200 30ML SBL,,0,0,0,0,,            E MY N #     120.00M1        0ALN,,,,
T,007,SBL,0007199,,CANTHARIS 30 30ML,,,C,00000000,,,5,0,105,,105,,0,,2,0,60,130,4.76,80,4,0,0,G,,                    ,,,,,,MARG16101,30049014,CANTHARIS 30 30ML,,39.45,0,0,0,,            E MY N #     105.00M1        0ALN,,,,
T,007,SBL,0007481,,CANTHARIS 200 30ml,,,C,00000000,,,5,0,120,,120,,0,,2,0,60,148.57,4.76,91.43,4.58,0,0,G,,                    ,,,,,,MARG17087,30049014,CANTHARIS 200 30ml,,41.35,0,0,0,,            E MY N #     120.00M1        0ALN,,,,
T,007,SBL,0003868,,CARBO VEG 1M 30 ML,,,40/22,00000000,,,5,0,150,,150,,0,,2,0,60,185.71,4.76,114.29,5.72,0,0,G,,                    ,,,,,,MARG1340,30049014,CARBO VEG 1M 30 ML,,62.5,0,0,0,,            E MY N #     150.00M1        0ALN,,,,
T,007,SBL,A00074,,CARBO VEG 30 30ML,,,C,00000000,,,5,0,105,,105,,0,,2,0,60,130,4.76,80,4,0,0,G,,                    ,,,,,,MARG1043403,30039014,CARBO VEG 30 30ML,,0,106,0,0,,            E MY N #     105.00M1        0ALN,,,,
T,007,SBL,0007266,,CARBO.VEG 200 30ML,,,C,00000000,,,5,0,115,,115,,0,,2,0,60,142.38,4.76,87.62,4.38,0,0,G,,                    ,,,,,,MARG16326,30049014,CARBO.VEG 200 30ML,,43.75,120,0,0,,            E MY N #     115.00M1        0ALN,,,,
T,007,SBL,0005604,,CAUSTICUM 1M 30ML SBL,,,43/N/33,00000000,,,5,0,150,,150,,0,,4,0,60,371.42,4.76,228.58,11.42,0,0,G,,                    ,,,,,,MARG15149,30049014,CAUSTICUM 1M 30ML SBL,,0,0,0,0,,            E MY N #     150.00M1        0ALN,,,,
T,007,SBL,0007325,,CAUSTICUM 200 30ML,,,C,00000000,,,5,0,120,,120,,0,,2,0,60,148.57,4.76,91.43,4.58,0,0,G,,                    ,,,,,,MARG16566,30039014,CAUSTICUM 200 30ML,,41.35,0,0,0,,            E MY N #     120.00M1        0ALN,,,,
T,007,SBL, 002442,,CAUSTICUM 30 30ML,,,C,00000000,,,5,0,100,,100,,0,,2,0,60,123.81,4.76,76.19,3.8,0,0,G,,                    ,,,,,,MARG1073562,30039014,CAUSTICUM 30 30ML,,0,0,0,0,,            E MY N #     100.00M1        0ALN,,,,
T,007,SBL,0007274,,CINA 30 30ml,,,40/25,00000000,,,5,0,105,,105,,0,,1,0,60,65,4.76,40,2,0,0,G,,                    ,,,,,,MARG16344,30039014,CINA 30 30ml,,36.54,0,0,0,,            E MY N #     105.00M1        0ALN,,,,
T,007,SBL,0007274,,CINA 30 30ml,,,40/25,00000000,,,5,0,105,,105,,0,,2,0,60,130,4.76,80,4,0,0,G,,                    ,,,,,,MARG16344,30039014,CINA 30 30ml,,36.54,0,0,0,,            E MY N #     105.00M1        0ALN,,,,
T,007,SBL,0007274,,CINA 30 30ml,,,43/N/15,00000000,,,5,0,105,,105,,0,,1,0,60,65,4.76,40,2,0,0,G,,                    ,,,,,,MARG16344,30039014,CINA 30 30ml,,36.54,0,0,0,,            E MY N #     105.00M1        0ALN,,,,
T,007,SBL,A01364,,COLCHICUM AUT 30 30ML SBL,,,43/N/15/27,00000000,,,5,0,105,,105,,0,,1,0,60,65,4.76,40,2,0,0,G,,                    ,,,,,,MARG1049690,30039014,COLCHICUM AUT 30 30ML SBL,,0,0,0,0,,            E MY N #     105.00M1        0ALN,,,,
T,007,SBL,A01364,,COLCHICUM AUT 30 30ML SBL,,,43/N/15/27,00000000,,,5,0,105,,105,,0,,2,0,60,130,4.76,80,4,0,0,G,,                    ,,,,,,MARG1049690,30039014,COLCHICUM AUT 30 30ML SBL,,0,0,0,0,,            E MY N #     105.00M1        0ALN,,,,
T,007,SBL,A01451,,COLCHICUM AUT 200 30ML SBL,,,40/29,00000000,,,5,0,120,,120,,0,,2,0,60,148.57,4.76,91.43,4.58,0,0,G,,                    ,,,,,,MARG1049870,30039014,COLCHICUM AUT 200 30ML SBL,,0,0,0,0,,            E MY N #     120.00M1        0ALN,,,,
T,007,SBL,002210,,COLCHICUM AUT 1M 30ML SBL,,,35/19,00000000,,,5,0,140,,140,,0,,1,0,60,86.67,4.76,53.33,2.66,0,0,G,,                    ,,,,,,MARG1051432,30039014,COLCHICUM AUT 1M 30ML SBL,,0,0,0,0,,            E MY N #     140.00M1        0ALN,,,,
T,007,SBL,002210,,COLCHICUM AUT 1M 30ML SBL,,,39/1,00000000,,,5,0,108,,140,,0,,1,0,60,66.86,4.76,41.14,2.06,0,0,G,,                    ,,,,,,MARG1051432,30039014,COLCHICUM AUT 1M 30ML SBL,,0,0,0,0,,            E MY N #     140.00M1        0ALN,,,,
T,007,SBL,A00012,,COLOCYNTHIS 30 30ML SBL,,,C,00000000,,,5,0,100,,100,,0,,2,0,60,123.81,4.76,76.19,3.8,0,0,G,,                    ,,,,,,MARG1043279,30039014,COLOCYNTHIS 30 30ML SBL,,0,0,0,0,,            E MY N #     100.00M1        0ALN,,,,
T,007,SBL,A01424,,COLOCYNTHIS 200 30 ML SBL,,,C,00000000,,,5,0,115,,115,,0,,2,0,60,142.38,4.76,87.62,4.38,0,0,G,,                    ,,,,,,MARG1049815,30039014,COLOCYNTHIS 200 30 ML SBL,,0,0,0,0,,            E MY N #     115.00M1        0ALN,,,,
T,007,SBL,303088,,CROTALUS H 30 30ML,,,40/5,00000000,,,5,0,105,,105,,0,,1,0,60,65,4.76,40,2,0,0,G,,                    ,,,,,,MARG1053458,30039014,CROTALUS H 30 30ML,,0,0,0,0,,            E MY N #     105.00M1        0ALN,,,,
T,007,SBL,303088,,CROTALUS H 30 30ML,,,43/N/5,00000000,,,5,0,105,,105,,0,,1,0,60,65,4.76,40,2,0,0,G,,                    ,,,,,,MARG1053458,30039014,CROTALUS H 30 30ML,,0,0,0,0,,            E MY N #     105.00M1        0ALN,,,,
T,007,SBL,002337,,DAMIANA Q 100ML SBL,,,44/38,01062029,,,5,0,345,,345,,0,,2,0,55,394.28,4.76,295.72,14.78,0,0,G,,                    ,,,,,,MARG1073347,30039014,DAMIANA Q 100ML SBL,,0,0,0,0,,            E MY N #    1120.00M1        0ALN,,,,
T,007,SBL,0007467,,DULCAMARA 30 30ML SBL,,,43/N/27,00000000,,,5,0,105,,105,,0,,2,0,60,130,4.76,80,4,0,0,G,,                    ,,,,,,MARG17035,30039014,DULCAMARA 30 30ML SBL,,39.45,0,0,0,,            E MY N #     105.00M1        0ALN,,,,
T,007,SBL,0007468,,DULCAMARA 200 30ML SBL,,,17\17,00000000,,,5,0,120,,120,,0,,2,0,60,148.57,4.76,91.43,4.58,0,0,G,,                    ,,,,,,MARG17036,30049014,DULCAMARA 200 30ML SBL,,95,0,0,0,,            E MY N #     120.00M1        0ALN,,,,
T,007,SBL,A01743,,DULCAMARA 1M 30ML SBL,,,43/N/25/26,00000000,,,5,0,150,,150,,0,,2,0,60,185.71,4.76,114.29,5.72,0,0,G,,                    ,,,,,,MARG1050467,30039014,DULCAMARA 1M 30ML SBL,,0,0,0,0,,            E MY N #     150.00M1        0ALN,,,,
T,007,SBL,A02006,,ECHINACEA ANG 30 30ML SBL,,,43/N/5/6,00000000,,,5,0,105,,105,,0,,1,0,60,65,4.76,40,2,0,0,G,,                    ,,,,,,MARG1051745,30039014,ECHINACEA ANG 30 30ML SBL,,0,0,0,0,,            E MY N #     105.00M1        0ALN,,,,
T,007,SBL,A02006,,ECHINACEA ANG 30 30ML SBL,,,43/N/5/6,00000000,,,5,0,105,,105,,0,,2,0,60,130,4.76,80,4,0,0,G,,                    ,,,,,,MARG1051745,30039014,ECHINACEA ANG 30 30ML SBL,,0,0,0,0,,            E MY N #     105.00M1        0ALN,,,,
T,007,SBL,002366,,ECHINACEA ANG 200 30ML SBL,,,29/12,00000000,,,5,0,120,,120,,0,,2,0,60,148.57,4.76,91.43,4.58,0,0,G,,                    ,,,,,,MARG1051751,30039014,ECHINACEA ANG 200 30ML SBL,,0,0,0,0,,            E MY N #     120.00M1        0ALN,,,,
T,007,SBL,A01355,,EUPHRASIA OFF 200 30ML SBL,,,40/15-16,00000000,,,5,0,120,,120,,0,,1,0,60,74.28,4.76,45.72,2.28,0,0,G,,                    ,,,,,,MARG1049671,30039014,EUPHRASIA OFF 200 30ML SBL,,0,0,0,0,,            E MY N #     120.00M1        0ALN,,,,
T,007,SBL,A01355,,EUPHRASIA OFF 200 30ML SBL,,,40/15-16,00000000,,,5,0,120,,120,,0,,2,0,60,148.57,4.76,91.43,4.58,0,0,G,,                    ,,,,,,MARG1049671,30039014,EUPHRASIA OFF 200 30ML SBL,,0,0,0,0,,            E MY N #     120.00M1        0ALN,,,,
T,007,SBL,A01355,,EUPHRASIA OFF 200 30ML SBL,,,43/N/19,00000000,,,5,0,120,,120,,0,,1,0,60,74.28,4.76,45.72,2.28,0,0,G,,                    ,,,,,,MARG1049671,30039014,EUPHRASIA OFF 200 30ML SBL,,0,0,0,0,,            E MY N #     120.00M1        0ALN,,,,
T,007,SBL,A01419,,EUPHRASIA OFFI 30 30ML SBL,,,17\13,00000000,,,5,0,100,,105,,0,,1,0,60,61.9,4.76,38.1,1.9,0,0,G,,                    ,,,,,,MARG1049804,30039014,EUPHRASIA OFFI 30 30ML SBL,,0,0,0,0,,            E MY N #     105.00M1        0ALN,,,,
T,007,SBL,A01419,,EUPHRASIA OFFI 30 30ML SBL,,,17\13,00000000,,,5,0,105,,105,,0,,1,0,60,65,4.76,40,2,0,0,G,,                    ,,,,,,MARG1049804,30039014,EUPHRASIA OFFI 30 30ML SBL,,0,0,0,0,,            E MY N #     105.00M1        0ALN,,,,
T,007,SBL,A01419,,EUPHRASIA OFFI 30 30ML SBL,,,43/N/27,00000000,,,5,0,105,,105,,0,,2,0,60,130,4.76,80,4,0,0,G,,                    ,,,,,,MARG1049804,30039014,EUPHRASIA OFFI 30 30ML SBL,,0,0,0,0,,            E MY N #     105.00M1        0ALN,,,,
T,007,SBL,0007260,,GELSEMIUM 1M 30ML,,,19/16,00000000,,,5,0,150,,150,,0,,1,0,60,92.86,4.76,57.14,2.86,0,0,G,,                    ,,,,,,MARG16320,30039014,GELSEMIUM 1M 30ML,,52.9,0,0,0,,            E MY N #     150.00M1        0ALN,,,,
T,007,SBL,0007260,,GELSEMIUM 1M 30ML,,,19/16,00000000,,,5,0,150,,150,,0,,1,0,60,92.86,4.76,57.14,2.86,0,0,G,,                    ,,,,,,MARG16320,30039014,GELSEMIUM 1M 30ML,,52.9,0,0,0,,            E MY N #     150.00M1        0ALN,,,,
T,007,SBL,A00006,,GELSEMIUM 30 30ML  SBL,,,C,00000000,,,5,0,100,,100,,0,,1,0,60,61.9,4.76,38.1,1.9,0,0,G,,                    ,,,,,,MARG1043266,30049014,GELSEMIUM 30 30ML  SBL,,0,0,0,0,,            E MY N #     100.00M1        0ALN,,,,
T,007,SBL,A00006,,GELSEMIUM 30 30ML  SBL,,,C,00000000,,,5,0,100,,100,,0,,1,0,60,61.9,4.76,38.1,1.9,0,0,G,,                    ,,,,,,MARG1043266,30049014,GELSEMIUM 30 30ML  SBL,,0,0,0,0,,            E MY N #     100.00M1        0ALN,,,,
T,007,SBL,A00006,,GELSEMIUM 30 30ML  SBL,,,C,00000000,,,5,0,100,,100,,0,,2,0,60,123.81,4.76,76.19,3.8,0,0,G,,                    ,,,,,,MARG1043266,30049014,GELSEMIUM 30 30ML  SBL,,0,0,0,0,,            E MY N #     100.00M1        0ALN,,,,
T,007,SBL, 002372,,GELSEMIUM 200 30ML,,,C,00000000,,,5,0,120,,120,,0,,1,0,60,74.28,4.76,45.72,2.28,0,0,G,,                    ,,,,,,MARG1073418,30049014,GELSEMIUM 200 30ML,,0,0,0,0,,            E MY N #     120.00M1        0ALN,,,,
T,007,SBL, 002372,,GELSEMIUM 200 30ML,,,C,00000000,,,5,0,120,,120,,0,,1,0,60,74.28,4.76,45.72,2.28,0,0,G,,                    ,,,,,,MARG1073418,30049014,GELSEMIUM 200 30ML,,0,0,0,0,,            E MY N #     120.00M1        0ALN,,,,
T,007,SBL, 002372,,GELSEMIUM 200 30ML,,,C,00000000,,,5,0,105,,120,,0,,2,0,60,130,4.76,80,4,0,0,G,,                    ,,,,,,MARG1073418,30049014,GELSEMIUM 200 30ML,,0,0,0,0,,            E MY N #     120.00M1        0ALN,,,,
T,007,SBL,0007330,,GRAPHITES 30 30ml SBL,,,C,00000000,,,5,0,100,,90,,0,,1,0,60,61.9,4.76,38.1,1.9,0,0,G,,                    ,,,,,,MARG16590,30039014,GRAPHITES 30 30ml SBL,,36.55,0,0,0,,            E MY N #     100.00M1        0ALN,,,,
T,007,SBL,0007330,,GRAPHITES 30 30ml SBL,,,C,00000000,,,5,0,90,,90,,0,,1,0,60,55.71,4.76,34.29,1.72,0,0,G,,                    ,,,,,,MARG16590,30039014,GRAPHITES 30 30ml SBL,,36.55,0,0,0,,            E MY N #     100.00M1        0ALN,,,,
T,007,SBL,0007330,,GRAPHITES 30 30ml SBL,,,C,00000000,,,5,0,100,,100,,0,,2,0,60,123.81,4.76,76.19,3.8,0,0,G,,                    ,,,,,,MARG16590,30039014,GRAPHITES 30 30ml SBL,,36.55,0,0,0,,            E MY N #     100.00M1        0ALN,,,,
T,007,SBL, 002470,,GRAPHITES 200 30ML SBL,,,C,00000000,,,5,0,115,,115,,0,,2,0,60,142.38,4.76,87.62,4.38,0,0,G,,                    ,,,,,,MARG1073618,30039014,GRAPHITES 200 30ML SBL,,0,0,0,0,,            E MY N #     115.00M1        0ALN,,,,
T,002,HAHNEMANN SCIENTIFIC LAB.LTD,0000243,,H.C.NO-1 TO 102 25GMS,,,75.00,00000000,,,12,0,75,,75,,0,,2,0,45,76.34,10.71,73.66,8.84,0,0,G,,                    ,,,,,,MARG1010890,30049014,H.C.NO-1 TO 102,25GMS,48.1,0,0,0,,            E MY N #      75.00M1        0ALN,,,,
T,013,RW,0023486,,H.P MOTHER.TINC. Q 20ML,,,295.00,00000000,,,5,0,295,,295,,0,,2,0,36,230.37,4.76,359.63,17.98,0,0,G,,                    ,,,,,,MARG15613,30049014,H.P MOTHER.TINC. Q 20ML,,295,199,250,0,,            E MY N #     295.00M1        0ALN,,,,
T,013,RW,0023486,,H.P MOTHER.TINC. Q 20ML,,,315.00,00000000,,,5,0,315,,315,,0,,10,0,36,1229.96,4.76,1920.04,96,0,0,G,,                    ,,,,,,MARG15613,30049014,H.P MOTHER.TINC. Q 20ML,,212,199,250,0,,            E MY N #     315.00M1        0ALN,,,,
T,007,SBL,015251,,HEPAR SUL 1M 30ML SBL,,,43/N/33,00000000,,,5,0,140,,150,,0,,1,0,60,86.67,4.76,53.33,2.66,0,0,G,,                    ,,,,,,MARG1058095,30039014,HEPAR SUL 1M 30ML SBL,,0,0,0,0,,            E MY N #     150.00M1        0ALN,,,,
T,007,SBL,0005912,,HEPAR SULPH 30 30 ml,,,C,00000000,,,5,0,105,,100,,0,,2,0,60,130,4.76,80,4,0,0,G,,                    ,,,,,,MARG15457,30039014,HEPAR SULPH 30 30 ml,,105,0,0,0,,            E MY N #     100.00M1        0ALN,,,,
T,007,SBL,A00021,,HEPAR SULPH 200 30ML,,,C,00000000,,,5,0,120,,120,,0,,2,0,60,148.57,4.76,91.43,4.58,0,0,G,,                    ,,,,,,MARG1043299,30049014,HEPAR SULPH 200 30ML,,0,0,0,0,,            E MY N #     120.00M1        0ALN,,,,
T,007,SBL,A00018,,HYPERICUM PER 200 30ML,,,C,00000000,,,5,0,115,,115,,0,,2,0,60,142.38,4.76,87.62,4.38,0,0,G,,                    ,,,,,,MARG1043293,30039014,HYPERICUM PER 200 30ML,,0,0,0,0,,            E MY N #     115.00M1        0ALN,,,,
T,007,SBL,A01372,,HYPERICUM PER 30 30ML SBL,,,C,00000000,,,5,0,100,,100,,0,,1,0,60,61.9,4.76,38.1,1.9,0,0,G,,                    ,,,,,,MARG1049706,30039014,HYPERICUM PER 30 30ML SBL,,0,0,0,0,,            E MY N #     100.00M1        0ALN,,,,
T,007,SBL,A01372,,HYPERICUM PER 30 30ML SBL,,,C,00000000,,,5,0,100,,100,,0,,1,0,60,61.9,4.76,38.1,1.9,0,0,G,,                    ,,,,,,MARG1049706,30039014,HYPERICUM PER 30 30ML SBL,,0,0,0,0,,            E MY N #     100.00M1        0ALN,,,,
T,007,SBL,A01372,,HYPERICUM PER 30 30ML SBL,,,C,00000000,,,5,0,100,,100,,0,,2,0,60,123.81,4.76,76.19,3.8,0,0,G,,                    ,,,,,,MARG1049706,30039014,HYPERICUM PER 30 30ML SBL,,0,0,0,0,,            E MY N #     100.00M1        0ALN,,,,
T,007,SBL,016150,,HYPERICUM PER 1M 30ML SBL,,,43/N/25,00000000,,,5,0,150,,150,,0,,2,0,60,185.71,4.76,114.29,5.72,0,0,G,,                    ,,,,,,MARG1059980,30039014,HYPERICUM PER 1M 30ML SBL,,0,0,0,0,,            E MY N #     150.00M1        0ALN,,,,
T,007,SBL,016150,,HYPERICUM PER 1M 30ML SBL,,,43/N/25,00000000,,,5,0,150,,150,,0,,2,0,60,185.71,4.76,114.29,5.72,0,0,G,,                    ,,,,,,MARG1059980,30039014,HYPERICUM PER 1M 30ML SBL,,0,0,0,0,,            E MY N #     150.00M1        0ALN,,,,
T,007,SBL,015782,,IBERIS AMARA 200 30ML SBL,,,40/38,00000000,,,5,0,120,,120,,0,,2,0,60,148.57,4.76,91.43,4.58,0,0,G,,                    ,,,,,,MARG1059204,30039014,IBERIS AMARA 200 30ML SBL,,0,0,0,0,,            E MY N #     120.00M1        0ALN,,,,
T,007,SBL,0020418,,IGNATIA AMARA 200 30 ml,,,C,00000000,,,5,0,115,,115,,0,,1,0,60,71.19,4.76,43.81,2.2,0,0,G,,                    ,,,,,,MARG1888,30039014,IGNATIA AMARA 200 30 ml,,0,0,0,0,,            E MY N #     115.00M1        0ALN,,,,
T,007,SBL,0020418,,IGNATIA AMARA 200 30 ml,,,C,00000000,,,5,0,115,,115,,0,,1,0,60,71.19,4.76,43.81,2.2,0,0,G,,                    ,,,,,,MARG1888,30039014,IGNATIA AMARA 200 30 ml,,0,0,0,0,,            E MY N #     115.00M1        0ALN,,,,
T,007,SBL,303563,,IGNATIA AMA 1M 30ML SBL,,,43/N/26,00000000,,,5,0,150,,150,,0,,1,0,60,92.86,4.76,57.14,2.86,0,0,G,,                    ,,,,,,MARG1054506,30039014,IGNATIA AMA 1M 30ML SBL,,0,0,0,0,,            E MY N #     150.00M1        0ALN,,,,
T,007,SBL,303563,,IGNATIA AMA 1M 30ML SBL,,,43/N/26,00000000,,,5,0,150,,150,,0,,1,0,60,92.86,4.76,57.14,2.86,0,0,G,,                    ,,,,,,MARG1054506,30039014,IGNATIA AMA 1M 30ML SBL,,0,0,0,0,,            E MY N #     150.00M1        0ALN,,,,
T,007,SBL,303972,,IGNATIA AMA 30 30ML SBL,,,C,00000000,,,5,0,100,,100,,0,,1,0,60,61.9,4.76,38.1,1.9,0,0,G,,                    ,,,,,,MARG1055363,30039014,IGNATIA AMA 30 30ML SBL,,0,0,0,0,,            E MY N #     100.00M1        0ALN,,,,
T,007,SBL,303972,,IGNATIA AMA 30 30ML SBL,,,C,00000000,,,5,0,100,,100,,0,,3,0,60,185.71,4.76,114.29,5.72,0,0,G,,                    ,,,,,,MARG1055363,30039014,IGNATIA AMA 30 30ML SBL,,0,0,0,0,,            E MY N #     100.00M1        0ALN,,,,
T,007,SBL,0020445,,IPECACUANHA 200 30 ml SBL,,,C,00000000,,,5,0,115,,115,,0,,2,0,60,142.38,4.76,87.62,4.38,0,0,G,,                    ,,,,,,MARG1915,30039014,IPECACUANHA 200 30 ml SBL,,0,0,0,0,,            E MY N #     115.00M1        0ALN,,,,
T,007,SBL,A01799,,IPECACUANHA 30 30ML SBL,,,C,00000000,,,5,0,100,,105,,0,,2,0,60,123.81,4.76,76.19,3.8,0,0,G,,                    ,,,,,,MARG1050583,30039014,IPECACUANHA 30 30ML SBL,,0,0,0,0,,            E MY N #     105.00M1        0ALN,,,,
T,007,SBL,A00011,,KALI BICH 30 30ML,,,C,00000000,,,5,0,105,,105,,0,,2,0,60,130,4.76,80,4,0,0,G,,                    ,,,,,,MARG1043277,30049014,KALI BICH 30 30ML,,0,0,0,0,,            E MY N #     105.00M1        0ALN,,,,
T,007,SBL,A01809,,KALI BICH 200 30ML SBL,,,C,00000000,,,5,0,115,,120,,0,,2,0,60,142.38,4.76,87.62,4.38,0,0,G,,                    ,,,,,,MARG1050604,30039014,KALI BICH 200 30ML SBL,,0,0,0,0,,            E MY N #     120.00M1        0ALN,,,,
T,007,SBL,A02190,,KALI BICH 1M 30ML SBL,,,39/10,00000000,,,5,0,140,,0,,0,,2,0,60,173.33,4.76,106.67,5.34,0,0,G,,                    ,,,,,,MARG1052290,30039014,KALI BICH 1M 30ML SBL,,0,0,0,0,,            E MY N #       0.00M1        0ALN,,,,
T,007,SBL,0027555,,KALI MUR  200 30 ml,,,C,00000000,,,5,0,115,,115,,0,,1,0,60,71.19,4.76,43.81,2.2,0,0,G,,                    ,,,,,,MARG10561,30049014,KALI MUR  200 30 ml,,0,0,0,0,,            E MY N #     115.00M1        0ALN,,,,
T,007,SBL,0027555,,KALI MUR  200 30 ml,,,C,00000000,,,5,0,115,,115,,0,,1,0,60,71.19,4.76,43.81,2.2,0,0,G,,                    ,,,,,,MARG10561,30049014,KALI MUR  200 30 ml,,0,0,0,0,,            E MY N #     115.00M1        0ALN,,,,
T,007,SBL,0027555,,KALI MUR  200 30 ml,,,C,00000000,,,5,0,115,,115,,0,,2,0,60,142.38,4.76,87.62,4.38,0,0,G,,                    ,,,,,,MARG10561,30049014,KALI MUR  200 30 ml,,0,0,0,0,,            E MY N #     115.00M1        0ALN,,,,
T,007,SBL,0027556,,KALI MUR 1M 30 ml,,,35/13,00000000,,,5,0,140,,140,,0,,2,0,60,173.33,4.76,106.67,5.34,0,0,G,,                    ,,,,,,MARG10563,30049014,KALI MUR 1M 30 ml,,5,0,0,0,,            E MY N #     140.00M1        0ALN,,,,
T,007,SBL,A01864,,KALI MUR 30 30ML SBL,,,C,00000000,,,5,0,100,,100,,0,,1,0,60,61.9,4.76,38.1,1.9,0,0,G,,                    ,,,,,,MARG1050716,30039014,KALI MUR 30 30ML SBL,,0,0,0,0,,            E MY N #     100.00M1        0ALN,,,,
T,007,SBL,A01864,,KALI MUR 30 30ML SBL,,,C,00000000,,,5,0,100,,100,,0,,1,0,60,61.9,4.76,38.1,1.9,0,0,G,,                    ,,,,,,MARG1050716,30039014,KALI MUR 30 30ML SBL,,0,0,0,0,,            E MY N #     100.00M1        0ALN,,,,
T,007,SBL,A01864,,KALI MUR 30 30ML SBL,,,C,00000000,,,5,0,100,,100,,0,,2,0,60,123.81,4.76,76.19,3.8,0,0,G,,                    ,,,,,,MARG1050716,30039014,KALI MUR 30 30ML SBL,,0,0,0,0,,            E MY N #     100.00M1        0ALN,,,,
T,007,SBL,0007214,,KALI PHOS 30 30ML SBL,,,C,00000000,,,5,0,100,,100,,0,,1,0,60,61.9,4.76,38.1,1.9,0,0,G,,                    ,,,,,,MARG16194,30039014,KALI PHOS 30 30ML SBL,,36.54,0,0,0,,            E MY N #     100.00M1        0ALN,,,,
T,007,SBL,0007214,,KALI PHOS 30 30ML SBL,,,C,00000000,,,5,0,100,,100,,0,,1,0,60,61.9,4.76,38.1,1.9,0,0,G,,                    ,,,,,,MARG16194,30039014,KALI PHOS 30 30ML SBL,,36.54,0,0,0,,            E MY N #     100.00M1        0ALN,,,,
T,007,SBL,0007232,,KALI PHOS 200 30ML,,,C,00000000,,,5,0,120,,120,,0,,1,0,60,74.28,4.76,45.72,2.28,0,0,G,,                    ,,,,,,MARG16267,30049014,KALI PHOS 200 30ML,,38.46,0,0,0,,            E MY N #     115.00M1        0ALN,,,,
T,007,SBL,0007232,,KALI PHOS 200 30ML,,,C,00000000,,,5,0,120,,120,,0,,1,0,60,74.28,4.76,45.72,2.28,0,0,G,,                    ,,,,,,MARG16267,30049014,KALI PHOS 200 30ML,,38.46,0,0,0,,            E MY N #     120.00M1        0ALN,,,,
T,007,SBL,0007459,,KALI.IOD 200 30ml,,,40/18,00000000,,,5,0,120,,120,,0,,2,0,60,148.57,4.76,91.43,4.58,0,0,G,,                    ,,,,,,MARG16982,30049014,KALI.IOD 200 30ml,,41.35,0,0,0,,            E MY N #     120.00M1        0ALN,,,,
T,007,SBL,0007328,,KALI.IOD 30 30ml,,,43/N/9,00000000,,,5,0,105,,105,,0,,1,0,60,65,4.76,40,2,0,0,G,,                    ,,,,,,MARG16588,30049014,KALI.IOD 30 30ml,,38.46,0,0,0,,            E MY N #     105.00M1        0ALN,,,,
T,007,SBL,0007328,,KALI.IOD 30 30ml,,,43/N/9,00000000,,,5,0,105,,105,,0,,2,0,60,130,4.76,80,4,0,0,G,,                    ,,,,,,MARG16588,30049014,KALI.IOD 30 30ml,,38.46,0,0,0,,            E MY N #     105.00M1        0ALN,,,,
T,007,SBL,0007169,,KREOSOTUM 30 30ml,,,43/N/28,00000000,,,5,0,105,,105,,0,,2,0,60,130,4.76,80,4,0,0,G,,                    ,,,,,,MARG15973,30039014,KREOSOTUM 30 30ml,,36.55,0,0,0,,            E MY N #     105.00M1        0ALN,,,,
T,007,SBL,A01817,,KREOSOTUM 200 30ML SBL,,,40/2/26,00000000,,,5,0,120,,120,,0,,2,0,60,148.57,4.76,91.43,4.58,0,0,G,,                    ,,,,,,MARG1050621,30039014,KREOSOTUM 200 30ML SBL,,0,0,0,0,,            E MY N #     120.00M1        0ALN,,,,
T,007,SBL,303067,,LACHESIS 1M 30ML,,,43/N/26,00000000,,,5,0,150,,150,,0,,2,0,60,185.71,4.76,114.29,5.72,0,0,G,,                    ,,,,,,MARG1053414,30039014,LACHESIS 1M 30ML,,0,0,0,0,,            E MY N #     150.00M1        0ALN,,,,
T,007,SBL,A01701,,LACHESIS 200 30ML SBL,,,C,00000000,,,5,0,115,,115,,0,,1,0,60,71.19,4.76,43.81,2.2,0,0,G,,                    ,,,,,,MARG1050382,30039014,LACHESIS 200 30ML SBL,,115,0,0,0,,            E MY N #     115.00M1        0ALN,,,,
T,007,SBL,A01701,,LACHESIS 200 30ML SBL,,,C,00000000,,,5,0,115,,115,,0,,1,0,60,71.19,4.76,43.81,2.2,0,0,G,,                    ,,,,,,MARG1050382,30039014,LACHESIS 200 30ML SBL,,115,0,0,0,,            E MY N #     115.00M1        0ALN,,,,
T,007,SBL,A01701,,LACHESIS 200 30ML SBL,,,C,00000000,,,5,0,115,,115,,0,,2,0,60,142.38,4.76,87.62,4.38,0,0,G,,                    ,,,,,,MARG1050382,30039014,LACHESIS 200 30ML SBL,,115,0,0,0,,            E MY N #     115.00M1        0ALN,,,,
T,007,SBL,0007286,,LACHESIS 30 30ml SBL,,,C,00000000,,,5,0,100,,100,,0,,1,0,60,61.9,4.76,38.1,1.9,0,0,G,,                    ,,,,,,MARG16396,30039014,LACHESIS 30 30ml SBL,,36.54,0,0,0,,            E MY N #     100.00M1        0ALN,,,,
T,007,SBL,0007286,,LACHESIS 30 30ml SBL,,,C,00000000,,,5,0,100,,100,,0,,1,0,60,61.9,4.76,38.1,1.9,0,0,G,,                    ,,,,,,MARG16396,30039014,LACHESIS 30 30ml SBL,,36.54,0,0,0,,            E MY N #     100.00M1        0ALN,,,,
T,007,SBL,0007286,,LACHESIS 30 30ml SBL,,,C,00000000,,,5,0,100,,100,,0,,2,0,60,123.81,4.76,76.19,3.8,0,0,G,,                    ,,,,,,MARG16396,30039014,LACHESIS 30 30ml SBL,,36.54,0,0,0,,            E MY N #     100.00M1        0ALN,,,,
T,037,R.S.B.P,002869,,LECODIN 30ML,,,M-844,01112028,,,12,0,175,,175,,0,,2,0,52,199.99,10.71,150.01,18,0,0,G,,                    ,,,,,,MARG1021936,30049014,LECODIN 30ML,,0,0,0,0,,            E MY N #     175.00M1        0ALN,,,,
T,007,SBL,0007249,,LYCOPODIUM CLA 200 30ml SBL,,,C,00000000,,,5,0,120,,120,,0,,2,0,60,148.57,4.76,91.43,4.58,0,0,G,,                    ,,,,,,MARG16298,30049014,LYCOPODIUM CLA 200 30ml SBL,,40.2,0,0,0,,            E MY N #     120.00M1        0ALN,,,,
T,007,SBL,0007249,,LYCOPODIUM CLA 200 30ml SBL,,,C,00000000,,,5,0,120,,120,,0,,2,0,60,148.57,4.76,91.43,4.58,0,0,G,,                    ,,,,,,MARG16298,30049014,LYCOPODIUM CLA 200 30ml SBL,,40.2,0,0,0,,            E MY N #     120.00M1        0ALN,,,,
T,007,SBL,A01360,,LYCOPODIUM CLA 1M 30ML SBL,,,40/31-32,00000000,,,5,0,150,,150,,0,,2,0,60,185.71,4.76,114.29,5.72,0,0,G,,                    ,,,,,,MARG1049682,30039014,LYCOPODIUM CLA 1M 30ML SBL,,150,0,0,0,,            E MY N #     150.00M1        0ALN,,,,
T,007,SBL,A01360,,LYCOPODIUM CLA 1M 30ML SBL,,,43/N/33,00000000,,,5,0,150,,150,,0,,2,0,60,185.71,4.76,114.29,5.72,0,0,G,,                    ,,,,,,MARG1049682,30039014,LYCOPODIUM CLA 1M 30ML SBL,,140,0,0,0,,            E MY N #     150.00M1        0ALN,,,,
T,007,SBL,004629,,LYCOPODIUM CLA 30 30ML SBL,,,C,00000000,,,5,0,105,,105,,0,,2,0,60,130,4.76,80,4,0,0,G,,                    ,,,,,,MARG1056763,30039014,LYCOPODIUM CLA 30 30ML SBL,,0,0,0,0,,            E MY N #     105.00M1        0ALN,,,,
T,007,SBL,004629,,LYCOPODIUM CLA 30 30ML SBL,,,C,00000000,,,5,0,105,,105,,0,,2,0,60,130,4.76,80,4,0,0,G,,                    ,,,,,,MARG1056763,30039014,LYCOPODIUM CLA 30 30ML SBL,,0,0,0,0,,            E MY N #     105.00M1        0ALN,,,,
T,007,SBL,A00106,,MEDORRHINUM 30 30ML SBL,,,20N/4,00000000,,,5,0,105,,105,,0,,1,0,60,65,4.76,40,2,0,0,G,,                    ,,,,,,MARG1043462,30039014,MEDORRHINUM 30 30ML SBL,,0,0,0,0,,            E MY N #     105.00M1        0ALN,,,,
T,007,SBL,A00106,,MEDORRHINUM 30 30ML SBL,,,20N/4,00000000,,,5,0,105,,105,,0,,1,0,60,65,4.76,40,2,0,0,G,,                    ,,,,,,MARG1043462,30039014,MEDORRHINUM 30 30ML SBL,,0,0,0,0,,            E MY N #     105.00M1        0ALN,,,,
T,007,SBL,A00106,,MEDORRHINUM 30 30ML SBL,,,20N/4,00000000,,,5,0,105,,105,,0,,2,0,60,130,4.76,80,4,0,0,G,,                    ,,,,,,MARG1043462,30039014,MEDORRHINUM 30 30ML SBL,,0,0,0,0,,            E MY N #     105.00M1        0ALN,,,,
T,007,SBL,A01796,,MEDORRHINUM 200 30ML SBL,,,43/N/21,00000000,,,5,0,120,,120,,0,,1,0,60,74.28,4.76,45.72,2.28,0,0,G,,                    ,,,,,,MARG1050576,30039014,MEDORRHINUM 200 30ML SBL,,0,0,0,0,,            E MY N #     120.00M1        0ALN,,,,
T,007,SBL,A01796,,MEDORRHINUM 200 30ML SBL,,,43/N/21,00000000,,,5,0,120,,120,,0,,1,0,60,74.28,4.76,45.72,2.28,0,0,G,,                    ,,,,,,MARG1050576,30039014,MEDORRHINUM 200 30ML SBL,,0,0,0,0,,            E MY N #     120.00M1        0ALN,,,,
T,007,SBL,A01796,,MEDORRHINUM 200 30ML SBL,,,43/N/21,00000000,,,5,0,120,,120,,0,,1,0,60,74.28,4.76,45.72,2.28,0,0,G,,                    ,,,,,,MARG1050576,30039014,MEDORRHINUM 200 30ML SBL,,0,0,0,0,,            E MY N #     120.00M1        0ALN,,,,
T,007,SBL,A01796,,MEDORRHINUM 200 30ML SBL,,,43/N/21,00000000,,,5,0,120,,120,,0,,2,0,60,148.57,4.76,91.43,4.58,0,0,G,,                    ,,,,,,MARG1050576,30039014,MEDORRHINUM 200 30ML SBL,,0,0,0,0,,            E MY N #     120.00M1        0ALN,,,,
T,007,SBL,0007288,,MERC SOL 200 30ml SBL,,,C,00000000,,,5,0,115,,115,,0,,1,0,60,71.19,4.76,43.81,2.2,0,0,G,,                    ,,,,,,MARG16398,30039014,MERC SOL 200 30ml SBL,,95,0,0,0,,            E MY N #     115.00M1        0ALN,,,,
T,007,SBL,0007288,,MERC SOL 200 30ml SBL,,,C,00000000,,,5,0,115,,115,,0,,1,0,60,71.19,4.76,43.81,2.2,0,0,G,,                    ,,,,,,MARG16398,30039014,MERC SOL 200 30ml SBL,,95,0,0,0,,            E MY N #     115.00M1        0ALN,,,,
T,007,SBL,0007288,,MERC SOL 200 30ml SBL,,,C,00000000,,,5,0,115,,115,,0,,2,0,60,142.38,4.76,87.62,4.38,0,0,G,,                    ,,,,,,MARG16398,30039014,MERC SOL 200 30ml SBL,,95,0,0,0,,            E MY N #     115.00M1        0ALN,,,,
T,007,SBL,0007519,,MERC.SOL 1M 30ml SBL,,,40/32,00000000,,,5,0,150,,150,,0,,2,0,60,185.71,4.76,114.29,5.72,0,0,G,,                    ,,,,,,MARG17174,30039014,MERC.SOL 1M 30ml SBL,,55.8,0,0,0,,            E MY N #     150.00M1        0ALN,,,,
T,007,SBL,0007179,,MERC.SOL 30 30ml,,,C,00000000,,,5,0,100,,100,,0,,1,0,60,61.9,4.76,38.1,1.9,0,0,G,,                    ,,,,,,MARG15994,30049014,MERC.SOL 30 30ml,,105,0,0,0,,            E MY N #     100.00M1        0ALN,,,,
T,007,SBL,0007179,,MERC.SOL 30 30ml,,,C,00000000,,,5,0,100,,100,,0,,1,0,60,61.9,4.76,38.1,1.9,0,0,G,,                    ,,,,,,MARG15994,30049014,MERC.SOL 30 30ml,,105,0,0,0,,            E MY N #     100.00M1        0ALN,,,,
T,007,SBL,0007179,,MERC.SOL 30 30ml,,,C,00000000,,,5,0,100,,100,,0,,2,0,60,123.81,4.76,76.19,3.8,0,0,G,,                    ,,,,,,MARG15994,30049014,MERC.SOL 30 30ml,,105,0,0,0,,            E MY N #     100.00M1        0ALN,,,,
T,007,SBL,A00022,,NAT MUR 200 30ML,,,C,00000000,,,5,0,115,,115,,0,,1,0,60,71.19,4.76,43.81,2.2,0,0,G,,                    ,,,,,,MARG1043301,30049014,NAT MUR 200 30ML,,0,0,0,0,,            E MY N #     115.00M1        0ALN,,,,
T,007,SBL,A00022,,NAT MUR 200 30ML,,,C,00000000,,,5,0,115,,115,,0,,1,0,60,71.19,4.76,43.81,2.2,0,0,G,,                    ,,,,,,MARG1043301,30049014,NAT MUR 200 30ML,,0,0,0,0,,            E MY N #     115.00M1        0ALN,,,,
T,007,SBL,A00022,,NAT MUR 200 30ML,,,C,00000000,,,5,0,115,,115,,0,,2,0,60,142.38,4.76,87.62,4.38,0,0,G,,                    ,,,,,,MARG1043301,30049014,NAT MUR 200 30ML,,0,0,0,0,,            E MY N #     115.00M1        0ALN,,,,
T,007,SBL,A01491,,NATRUM MUR 30 30ML SBL,,,C,00000000,,,5,0,100,,100,,0,,1,0,60,61.9,4.76,38.1,1.9,0,0,G,,                    ,,,,,,MARG1049954,30039014,NATRUM MUR 30 30ML SBL,,0,0,0,0,,            E MY N #     100.00M1        0ALN,,,,
T,007,SBL,A01491,,NATRUM MUR 30 30ML SBL,,,C,00000000,,,5,0,100,,100,,0,,1,0,60,61.9,4.76,38.1,1.9,0,0,G,,                    ,,,,,,MARG1049954,30039014,NATRUM MUR 30 30ML SBL,,0,0,0,0,,            E MY N #     100.00M1        0ALN,,,,
T,007,SBL,A01491,,NATRUM MUR 30 30ML SBL,,,C,00000000,,,5,0,100,,100,,0,,2,0,60,123.81,4.76,76.19,3.8,0,0,G,,                    ,,,,,,MARG1049954,30039014,NATRUM MUR 30 30ML SBL,,0,0,0,0,,            E MY N #     100.00M1        0ALN,,,,
T,007,SBL, A01284,,NATRUM PHOS 200 30ML SBL,,,40/19,00000000,,,5,0,120,,120,,0,,2,0,60,148.57,4.76,91.43,4.58,0,0,G,,                    ,,,,,,MARG1049518,30039014,NATRUM PHOS 200 30ML SBL,,0,0,0,0,,            E MY N #     120.00M1        0ALN,,,,
T,007,SBL, A01284,,NATRUM PHOS 200 30ML SBL,,,40/19,00000000,,,5,0,120,,120,,0,,1,0,60,74.28,4.76,45.72,2.28,0,0,G,,                    ,,,,,,MARG1049518,30039014,NATRUM PHOS 200 30ML SBL,,0,0,0,0,,            E MY N #     120.00M1        0ALN,,,,
T,007,SBL, A01284,,NATRUM PHOS 200 30ML SBL,,,40/19,00000000,,,5,0,120,,120,,0,,1,0,60,74.28,4.76,45.72,2.28,0,0,G,,                    ,,,,,,MARG1049518,30039014,NATRUM PHOS 200 30ML SBL,,0,0,0,0,,            E MY N #     120.00M1        0ALN,,,,
T,007,SBL,A01742,,NATRUM PHOS 30 30ML SBL,,,39/20,00000000,,,5,0,95,,105,,0,,1,0,60,58.81,4.76,36.19,1.8,0,0,G,,                    ,,,,,,MARG1050465,30039014,NATRUM PHOS 30 30ML SBL,,0,0,0,0,,            E MY N #     105.00M1        0ALN,,,,
T,007,SBL,A01742,,NATRUM PHOS 30 30ML SBL,,,46/33,00000000,,,5,0,100,,0,,0,,1,0,60,61.9,4.76,38.1,1.9,0,0,G,,                    ,,,,,,MARG1050465,30039014,NATRUM PHOS 30 30ML SBL,,0,0,0,0,,            E MY N #       0.00M1        0ALN,,,,
T,007,SBL,A01667,,NATRUM SULP 30 30ML SBL,,,40/27-28,00000000,,,5,0,105,,105,,0,,2,0,60,130,4.76,80,4,0,0,G,,                    ,,,,,,MARG1050312,30039014,NATRUM SULP 30 30ML SBL,,0,0,0,0,,            E MY N #     105.00M1        0ALN,,,,
T,007,SBL,303140,,NATRUM SULP 200 30ML,,,43/N/32,00000000,,,5,0,120,,120,,0,,2,0,60,148.57,4.76,91.43,4.58,0,0,G,,                    ,,,,,,MARG1053569,30039014,NATRUM SULP 200 30ML,,0,0,0,0,,            E MY N #     120.00M1        0ALN,,,,
T,007,SBL, 002505,,NUX VOM 200 30 ML,,,C,00000000,,,5,0,120,,120,,0,,1,0,60,74.28,4.76,45.72,2.28,0,0,G,,                    ,,,,,,MARG1073698,30049014,NUX VOM 200 30 ML,,120,120,0,0,,            E MY N #     120.00M1        0ALN,,,,
T,007,SBL, 002505,,NUX VOM 200 30 ML,,,C,00000000,,,5,0,120,,120,,0,,2,0,60,148.57,4.76,91.43,4.58,0,0,G,,                    ,,,,,,MARG1073698,30049014,NUX VOM 200 30 ML,,120,120,0,0,,            E MY N #     120.00M1        0ALN,,,,
T,007,SBL, 002505,,NUX VOM 200 30 ML,,,C,00000000,,,5,0,105,,120,,0,,2,0,60,130,4.76,80,4,0,0,G,,                    ,,,,,,MARG1073698,30049014,NUX VOM 200 30 ML,,120,120,0,0,,            E MY N #     120.00M1        0ALN,,,,
T,007,SBL,0031083,,NUX.VOM 1M 30ml,,,43/N/34,00000000,,,5,0,150,,150,,0,,1,0,60,92.86,4.76,57.14,2.86,0,0,G,,                    ,,,,,,MARG16138,30049014,NUX.VOM 1M 30ml,,57.7,0,0,0,,            E MY N #     150.00M1        0ALN,,,,
T,007,SBL,0031083,,NUX.VOM 1M 30ml,,,43/N/34,00000000,,,5,0,150,,150,,0,,2,0,60,185.71,4.76,114.29,5.72,0,0,G,,                    ,,,,,,MARG16138,30049014,NUX.VOM 1M 30ml,,57.7,0,0,0,,            E MY N #     150.00M1        0ALN,,,,
T,007,SBL,0007283,,NUX.VOM 30 30ml,,,C,00000000,,,5,0,105,,105,,0,,1,0,60,65,4.76,40,2,0,0,G,,                    ,,,,,,MARG16393,30049014,NUX.VOM 30 30ml,,100,0,0,0,,            E MY N #     105.00M1        0ALN,,,,
T,013,RW,0023482,,ORD Q M.T.  LOW DIL. 20ML,,,255.00,00000000,,,5,0,255,,255,,0,,2,0,36,199.14,4.76,310.86,15.54,0,0,G,,                    ,,,,,,MARG15606,30049014,ORD Q M.T.  LOW DIL. 20ML,,235,171,220,0,,            E MY N #     255.00M1        0ALN,,,,
T,013,RW,0023482,,ORD Q M.T.  LOW DIL. 20ML,,,270.00,00000000,,,5,0,270,,270,,0,,16,0,36,1686.8,4.76,2633.2,131.66,0,0,G,,                    ,,,,,,MARG15606,30049014,ORD Q M.T.  LOW DIL. 20ML,,270,181,220,0,,            E MY N #     270.00M1        0ALN,,,,
T,007,SBL,0007313,,PETROLEUM 30 30ml SBL,,,C,00000000,,,5,0,100,,100,,0,,2,0,60,123.81,4.76,76.19,3.8,0,0,G,,                    ,,,,,,MARG16511,30039014,PETROLEUM 30 30ml SBL,,100,0,0,0,,            E MY N #     100.00M1        0ALN,,,,
T,007,SBL,0007316,,PETROLEUM 200 30ml,,,,00000000,,,5,0,100,,100,,0,,1,0,60,61.9,4.76,38.1,1.9,0,0,G,,                    ,,,,,,MARG16514,30039014,PETROLEUM 200 30ml,,41.35,0,0,0,,            E MY   #      43.00M1        0ALN,,,,
T,007,SBL,A00024,,PETROLEUM 200 30ML  SBL,,,C,00000000,,,5,0,115,,115,,0,,1,0,60,71.19,4.76,43.81,2.2,0,0,G,,                    ,,,,,,MARG1043305,30049014,PETROLEUM 200 30ML  SBL,,0,0,0,0,,            E MY N #     115.00M1        0ALN,,,,
T,007,SBL,0007442,,PHOSPHORUS 30 30ml,,,C,00000000,,,5,0,100,,100,,0,,3,0,60,185.71,4.76,114.29,5.72,0,0,G,,                    ,,,,,,MARG16945,30049014,PHOSPHORUS 30 30ml,,0,0,0,0,,            E MY N #     100.00M1        0ALN,,,,
T,007,SBL,0007442,,PHOSPHORUS 30 30ml,,,C,00000000,,,5,0,100,,100,,0,,1,0,60,61.9,4.76,38.1,1.9,0,0,G,,                    ,,,,,,MARG16945,30049014,PHOSPHORUS 30 30ml,,0,0,0,0,,            E MY N #     100.00M1        0ALN,,,,
T,007,SBL,0007443,,PHOSPHORUS 200 30ml,,,C,00000000,,,5,0,115,,120,,0,,3,0,60,213.57,4.76,131.43,6.58,0,0,G,,                    ,,,,,,MARG16946,30049014,PHOSPHORUS 200 30ml,,38.46,0,0,0,,            E MY N #     120.00M1        0ALN,,,,
T,007,SBL,0007443,,PHOSPHORUS 200 30ml,,,C,00000000,,,5,0,120,,120,,0,,1,0,60,74.28,4.76,45.72,2.28,0,0,G,,                    ,,,,,,MARG16946,30049014,PHOSPHORUS 200 30ml,,38.46,0,0,0,,            E MY N #     120.00M1        0ALN,,,,
T,007,SBL,002372,,PHOSPHORUS 1M 30 ML SBL,,,19/9,00000000,,,5,0,150,,150,,0,,1,0,60,92.86,4.76,57.14,2.86,0,0,G,,                    ,,,,,,MARG1051763,30039014,PHOSPHORUS 1M 30 ML SBL,,0,0,0,0,,            E MY N #     150.00M1        0ALN,,,,
T,007,SBL,002372,,PHOSPHORUS 1M 30 ML SBL,,,40/23,00000000,,,5,0,150,,150,,0,,1,0,60,92.86,4.76,57.14,2.86,0,0,G,,                    ,,,,,,MARG1051763,30039014,PHOSPHORUS 1M 30 ML SBL,,0,0,0,0,,            E MY N #     150.00M1        0ALN,,,,
T,001,MEDISYNTH CH PVT.LTD,0001056,,PILEN DROPS 30ML,,,175,00000000,,,12,0,175,,175,,0,,3,0,54,309.36,10.71,215.64,25.88,0,0,G,,                    ,,,,,,MARG55,30049014,PILEN DROPS 30ML,,57.7,0,0,0,,            E MY N #     175.00M1        0ALN,,,,
T,007,SBL,A01884,,PSORINUM 1M 30ML SBL,,,,00000000,,,5,0,150,,150,,0,,2,0,60,185.71,4.76,114.29,5.72,0,0,G,,                    ,,,,,,MARG1050757,30039014,PSORINUM 1M 30ML SBL,,0,0,0,0,,            E MY   #     150.00M1        0ALN,,,,
T,007,SBL,303127,,PSORINUM 200 30ML,,,43/N/32,00000000,,,5,0,120,,120,,0,,2,0,60,148.57,4.76,91.43,4.58,0,0,G,,                    ,,,,,,MARG1053539,30039014,PSORINUM 200 30ML,,120,0,0,0,,            E MY N #     120.00M1        0ALN,,,,
T,007,SBL,0007319,,PSORINUM 30 30ML SBL,,,43/N/11,00000000,,,5,0,105,,105,,0,,2,0,60,130,4.76,80,4,0,0,G,,                    ,,,,,,MARG16528,30039014,PSORINUM 30 30ML SBL,,100,0,0,0,,            E MY N #     105.00M1        0ALN,,,,
T,007,SBL,A00075,,PULSATILLA NIG 200 30ML,,,C,00000000,,,5,0,115,,120,,0,,1,0,60,71.19,4.76,43.81,2.2,0,0,G,,                    ,,,,,,MARG1043406,30049014,PULSATILLA NIG 200 30ML,,0,0,0,0,,            E MY N #     120.00M1        0ALN,,,,
T,007,SBL,A00075,,PULSATILLA NIG 200 30ML,,,C,00000000,,,5,0,115,,120,,0,,2,0,60,142.38,4.76,87.62,4.38,0,0,G,,                    ,,,,,,MARG1043406,30049014,PULSATILLA NIG 200 30ML,,0,0,0,0,,            E MY N #     120.00M1        0ALN,,,,
T,007,SBL,A01720,,PULSATILLA NIG 1M 30ML SBL,,,43/N/33/36,00000000,,,5,0,150,,150,,0,,1,0,60,92.86,4.76,57.14,2.86,0,0,G,,                    ,,,,,,MARG1050421,30039014,PULSATILLA NIG 1M 30ML SBL,,0,0,0,0,,            E MY N #     150.00M1        0ALN,,,,
T,007,SBL,A01720,,PULSATILLA NIG 1M 30ML SBL,,,43/N/33/36,00000000,,,5,0,150,,150,,0,,2,0,60,185.71,4.76,114.29,5.72,0,0,G,,                    ,,,,,,MARG1050421,30039014,PULSATILLA NIG 1M 30ML SBL,,0,0,0,0,,            E MY N #     150.00M1        0ALN,,,,
T,007,SBL,A01810,,PULSATILLA NIG 30 30ML SBL,,,C,00000000,,,5,0,100,,105,,0,,1,0,60,61.9,4.76,38.1,1.9,0,0,G,,                    ,,,,,,MARG1050606,30039014,PULSATILLA NIG 30 30ML SBL,,0,0,0,0,,            E MY N #     105.00M1        0ALN,,,,
T,007,SBL,A01810,,PULSATILLA NIG 30 30ML SBL,,,C,00000000,,,5,0,105,,105,,0,,2,0,60,130,4.76,80,4,0,0,G,,                    ,,,,,,MARG1050606,30039014,PULSATILLA NIG 30 30ML SBL,,0,0,0,0,,            E MY N #     105.00M1        0ALN,,,,
T,007,SBL,0021058,,RATANHIA  200 30 ml,,,29/14/15,00000000,,,5,0,120,,120,,0,,2,0,60,148.57,4.76,91.43,4.58,0,0,G,,                    ,,,,,,MARG2531,30049014,RATANHIA  200 30 ml,,0,0,0,0,,            E MY N #     120.00M1        0ALN,,,,
T,007,SBL,303151,,RATANHIA 1M 30ML,,,46/32,00000000,,,5,0,140,,0,,0,,1,0,60,86.67,4.76,53.33,2.66,0,0,G,,                    ,,,,,,MARG1053591,30039014,RATANHIA 1M 30ML,,0,0,0,0,,            E MY N #       0.00M1        0ALN,,,,
T,007,SBL,303151,,RATANHIA 1M 30ML,,,48/13/N,00000000,,,5,0,140,,0,,0,,1,0,60,86.67,4.76,53.33,2.66,0,0,G,,                    ,,,,,,MARG1053591,30039014,RATANHIA 1M 30ML,,0,0,0,0,,            E MY N #       0.00M1        0ALN,,,,
T,007,SBL,303098,,RATANHIA 30 30ML,,,43/N/11/12,00000000,,,5,0,105,,105,,0,,2,0,60,130,4.76,80,4,0,0,G,,                    ,,,,,,MARG1053479,30039014,RATANHIA 30 30ML,,105,0,0,0,,            E MY N #     105.00M1        0ALN,,,,
T,007,SBL,0007446,,RHUS TOX 1M 30ML,,,43/N/37,00000000,,,5,0,150,,150,,0,,4,0,60,371.42,4.76,228.58,11.42,0,0,G,,                    ,,,,,,MARG16953,30049014,RHUS TOX 1M 30ML,,60.6,0,0,0,,            E MY N #     150.00M1        0ALN,,,,
T,007,SBL,0007198,,RHUS TOX 200 30ML SBL,,,C,00000000,,,5,0,120,,120,,0,,1,0,60,74.28,4.76,45.72,2.28,0,0,G,,                    ,,,,,,MARG16100,30049014,RHUS TOX 200 30ML SBL,,120,120,0,0,,            E MY N #     120.00M1        0ALN,,,,
T,007,SBL,0007198,,RHUS TOX 200 30ML SBL,,,C,00000000,,,5,0,120,,120,,0,,1,0,60,74.28,4.76,45.72,2.28,0,0,G,,                    ,,,,,,MARG16100,30049014,RHUS TOX 200 30ML SBL,,120,120,0,0,,            E MY N #     120.00M1        0ALN,,,,
T,007,SBL,ZZZ000325,,RHUS TOX 200 30ML,,,,00000000,,,5,0,120,,115,,0,,4,0,60,297.14,4.76,182.86,9.14,0,0,G,,                    ,,,,,,MARG1104661,30049014,RHUS TOX 200 30ML,,0,0,0,0,,            E MY N #     115.00M1        0ALN,,,,
T,007,SBL,0007251,,RHUS TOX 30 30ml SBL,,,C,00000000,,,5,0,100,,100,,0,,1,0,60,61.9,4.76,38.1,1.9,0,0,G,,                    ,,,,,,MARG16300,30049014,RHUS TOX 30 30ml SBL,,39.45,0,0,0,,            E MY N #     100.00M1        0ALN,,,,
T,007,SBL,0007251,,RHUS TOX 30 30ml SBL,,,C,00000000,,,5,0,100,,100,,0,,1,0,60,61.9,4.76,38.1,1.9,0,0,G,,                    ,,,,,,MARG16300,30049014,RHUS TOX 30 30ml SBL,,39.45,0,0,0,,            E MY N #     100.00M1        0ALN,,,,
T,007,SBL,0007251,,RHUS TOX 30 30ml SBL,,,C,00000000,,,5,0,100,,100,,0,,4,0,60,247.62,4.76,152.38,7.62,0,0,G,,                    ,,,,,,MARG16300,30049014,RHUS TOX 30 30ml SBL,,39.45,0,0,0,,            E MY N #     100.00M1        0ALN,,,,
T,013,RW,0023490,,S.P M.T. Q 20ML,,,390.00,00000000,,,5,0,390,,390,,0,,7,0,36,1065.97,4.76,1664.03,83.2,0,0,G,,                    ,,,,,,MARG15665,30049014,S.P M.T. Q 20ML,,264,248,0,0,,            E MY N #     390.00M1        0ALN,,,,
T,013,RW,0023490,,S.P M.T. Q 20ML,,,390.00,00000000,,,5,0,390,,390,,0,,5,0,36,761.4,4.76,1188.6,59.44,0,0,G,,                    ,,,,,,MARG15665,30049014,S.P M.T. Q 20ML,,264,248,0,0,,            E MY N #     390.00M1        0ALN,,,,
T,007,SBL,0007464,,SABADILLA 30 30ml,,,43/N/12,00000000,,,5,0,105,,105,,0,,1,0,60,65,4.76,40,2,0,0,G,,                    ,,,,,,MARG17031,30039014,SABADILLA 30 30ml,,0,0,0,0,,            E MY N #     105.00M1        0ALN,,,,
T,007,SBL,A02008,,SABINA 200 30ML SBL,,,40/20,00000000,,,5,0,120,,120,,0,,2,0,60,148.57,4.76,91.43,4.58,0,0,G,,                    ,,,,,,MARG1051783,30039014,SABINA 200 30ML SBL,,0,0,0,0,,            E MY N #     120.00M1        0ALN,,,,
T,007,SBL,A01688,,SABINA 30 30ML SBL,,,43/N/12,00000000,,,5,0,105,,105,,0,,1,0,60,65,4.76,40,2,0,0,G,,                    ,,,,,,MARG1050356,30039014,SABINA 30 30ML SBL,,0,0,0,0,,            E MY N #     105.00M1        0ALN,,,,
T,007,SBL,0007170,,SARSAPARILLA 30 30ml,,,19/11,00000000,,,5,0,105,,105,,0,,2,0,60,130,4.76,80,4,0,0,G,,                    ,,,,,,MARG15974,30039014,SARSAPARILLA 30 30ml,,36.55,0,0,0,,            E MY N #     105.00M1        0ALN,,,,
T,007,SBL,002458,,SARSAPARILLA 200 30ML,,,43/N/23,00000000,,,5,0,120,,120,,0,,2,0,60,148.57,4.76,91.43,4.58,0,0,G,,                    ,,,,,,MARG1073594,30049014,SARSAPARILLA 200 30ML,,0,0,0,0,,            E MY N #     120.00M1        0ALN,,,,
T,007,SBL,0007336,,SBL BT.BIO TABS  3X TO 30X 25  GMS,,,110.00,00000000,,,5,110,110,,110,,0,,3,0,62,210.57,4.76,119.43,5.98,0,0,G,,                    ,,,,,,MARG16604,30049015,SBL BT.BIO TABS  3X TO 30X 25,,110,110,0,0,,            E MY N #     110.00M1        0ALN,,,,
T,007,SBL,0007336,,SBL BT.BIO TABS  3X TO 30X 25  GMS,,,115.00,00000000,,,5,110,115,,115,,0,,2,0,62,146.76,4.76,83.24,4.16,0,0,G,,                    ,,,,,,MARG16604,30049015,SBL BT.BIO TABS  3X TO 30X 25,,72.12,115,0,0,,            E MY N #     115.00M1        0ALN,,,,
T,007,SBL,1000304,,SBL C.COCCONICA OIL 100ML,,,200.00,00000000,,,18,0,200,,200,,0,,1,0,43,103.39,15.25,96.61,17.38,0,0,G,,                    ,,,,,,MARG1000304,34011941,SBL C.COCCONICA OIL 100ML,,65.79,0,0,0,,            E MY N #     200.00M1        0ALN,,,,
T,007,SBL,1000147,,SBL C.GLOWING BEAUTY CREAM 50GMS,,,KC0058,01012027,,,18,0,100,,100,,0,,1,0,43,51.69,15.25,48.31,8.7,0,0,G,,                    ,,,,,,MARG1084030,33049910,SBL C.GLOWING BEAUTY CREAM 50G,,0,0,0,0,,            E MY N #     100.00M1        0ALN,,,,
T,007,SBL,0007222,,SBL C.JABORANDI 200ml,,,270.00,01032026,,,18,0,270,,270,,0,,2,0,43,279.14,15.25,260.86,46.96,0,0,G,,                    ,,,,,,MARG16230,33059011,SBL C.JABORANDI 200ml,,200,0,0,0,,            E MY N #     270.00M1        0ALN,,,,
T,007,SBL, 002441,,SBL C.JABORANDI PLUS 200ML,,,300.00,00000000,,,18,0,300,,300,,0,,2,0,43,310.16,15.25,289.84,52.18,0,0,G,,                    ,,,,,,MARG1073560,33059011,SBL C.JABORANDI PLUS 200ML,,220,0,0,0,,            E MY N #     300.00M1        0ALN,,,,
T,007,SBL,0007041,,SBL C.MONTANA H SHAMPOO 200ML,,,170.00,01092026,,,18,0,170,,170,,0,,2,0,43,175.75,15.25,164.25,29.56,0,0,G,,                    ,,,,,,MARG14091,33051090,SBL C.MONTANA H SHAMPOO 200ML,,130,0,0,0,,            E MY N #     170.00M1        0ALN,,,,
T,007,SBL,ZZZ000406,,SBL C.NEEM FACE WASH 100ML,,,160.00,01032026,,,18,0,160,,160,,0,,6,0,43,496.25,15.25,463.75,83.48,0,0,G,,                    ,,,,,,MARG1114832,34013019,SBL C.NEEM FACE WASH 100ML,,0,0,0,0,,            E MY N #     160.00M1        0ALN,,,,
T,007,SBL, 002498,,SBL C.SILK N STAY CREAM 200GMS,,,200.00,01082026,,,18,0,200,,200,,0,,2,0,43,206.77,15.25,193.23,34.78,0,0,G,,                    ,,,,,,MARG1073682,33049910,SBL C.SILK N STAY CREAM 200GMS,,160,0,0,0,,            E MY N #     200.00M1        0ALN,,,,
T,007,SBL,1000208,,SBL HT.AT TABS 25GMS,,,HT240677,01042029,,,12,0,165,,165,,0,,2,0,58,206.24,10.71,123.76,14.86,0,0,G,,                    ,,,,,,MARG1084091,30049014,SBL HT.AT TABS 25GMS,,0,140,0,0,,            E MY N #     165.00M1        0ALN,,,,
T,007,SBL,1000209,,SBL HT.DENTON  25GMS,,,165.00,01042029,,,12,0,165,,165,,0,,2,0,58,206.24,10.71,123.76,14.86,0,0,G,,                    ,,,,,,MARG1084092,30049014,SBL HT.DENTON  25GMS,,0,0,0,0,,            E MY N #     165.00M1        0ALN,,,,
T,007,SBL,0007069,,SBL HT.FP TABS 25 GM,,,165.00,01032029,,,12,0,165,,165,,0,,3,0,58,309.37,10.71,185.63,22.28,0,0,G,,                    ,,,,,,MARG14480,30049014,SBL HT.FP TABS 25 GM,,55.3,140,0,0,,            E MY N #     165.00M1        0ALN,,,,
T,007,SBL, 000843,,SBL P.ORTHOMUV SYRUP 180ML,,,175.00,01062028,,,12,0,175,,175,,0,,3,0,58,328.12,10.71,196.88,23.62,0,0,G,,                    ,,,,,,MARG1042303,30049014,SBL P.ORTHOMUV SYRUP 180ML,,120,0,0,0,,            E MY N #     175.00M1        0ALN,,,,
T,007,SBL,002992,,SBL TT. ARSENIC SULPH FL. 6X 25 GMS,,,175.00,01122028,,,5,0,175,,175,,0,,2,0,58,210,4.76,140,7,0,0,G,,                    ,,,,,,MARG1022162,30049014,SBL TT. ARSENIC SULPH FL. 6X 2,,0,0,0,0,,            E MY N #     175.00M1        0ALN,,,,
T,007,SBL,003057,,SBL TT. ARSENIC SULPH FL. 3X 25 GMS,,,175.00,01022029,,,5,0,175,,175,,0,,3,0,58,315,4.76,210,10.5,0,0,G,,                    ,,,,,,MARG1022172,30049014,SBL TT. ARSENIC SULPH FL. 3X 2,,0,0,0,0,,            E MY N #     175.00M1        0ALN,,,,
T,007,SBL,002993,,SBL TT. AURUM MUR.NAT. 6X 25 GMS,,,165.00,00000000,,,5,0,165,,165,,0,,1,0,58,99,4.76,66,3.3,0,0,G,,                    ,,,,,,MARG1022163,30049014,SBL TT. AURUM MUR.NAT. 6X 25 G,,0,0,0,0,,            E MY N #     165.00M1        0ALN,,,,
T,007,SBL,003064,,SBL TT. CARBO VEG. 3X  25 GMS,,,175.00,01042028,,,5,0,175,,175,,0,,1,0,58,105,4.76,70,3.5,0,0,G,,                    ,,,,,,MARG1022179,30049014,SBL TT. CARBO VEG. 3X  25 GMS,,0,150,0,0,,            E MY N #     175.00M1        0ALN,,,,
T,007,SBL,006299,,SBL TT. CAL CARB 3X 25 GMS,,,175.00,01042028,,,5,0,175,,175,,0,,1,0,58,105,4.76,70,3.5,0,0,G,,                    ,,,,,,MARG1053030,30049014,SBL TT. CAL CARB 3X 25 GMS,,0,0,0,0,,            E MY N #     175.00M1        0ALN,,,,
T,007,SBL,003072,,SBL TT. HEPER SULPH. 3X 25 GMS,,,175.00,01012029,,,5,0,175,,175,,0,,1,0,58,105,4.76,70,3.5,0,0,G,,                    ,,,,,,MARG1022187,30049014,SBL TT. HEPER SULPH. 3X 25 GMS,,0,0,0,0,,            E MY N #     175.00M1        0ALN,,,,
T,007,SBL,003082,,SBL TT. THYROIDINUM 3X 25 GMS,,,175.00,01022029,,,5,0,175,,175,,0,,1,0,58,105,4.76,70,3.5,0,0,G,,                    ,,,,,,MARG1022197,30049014,SBL TT. THYROIDINUM 3X 25 GMS,,0,0,0,0,,            E MY N #     175.00M1        0ALN,,,,
T,007,SBL,003082,,SBL TT. THYROIDINUM 3X 25 GMS,,,180.00,01042029,,,5,0,180,,180,,0,,4,0,58,431.99,4.76,288.01,14.4,0,0,G,,                    ,,,,,,MARG1022197,30049014,SBL TT. THYROIDINUM 3X 25 GMS,,0,0,0,0,,            E MY N #     180.00M1        0ALN,,,,
T,007,SBL,A01784,,SEPIA 1M 30ML SBL,,,43/N/36,00000000,,,5,0,150,,150,,0,,1,0,60,92.86,4.76,57.14,2.86,0,0,G,,                    ,,,,,,MARG1050552,30039014,SEPIA 1M 30ML SBL,,0,0,0,0,,            E MY N #     150.00M1        0ALN,,,,
T,007,SBL,A01784,,SEPIA 1M 30ML SBL,,,43/N/36,00000000,,,5,0,150,,150,,0,,1,0,60,92.86,4.76,57.14,2.86,0,0,G,,                    ,,,,,,MARG1050552,30039014,SEPIA 1M 30ML SBL,,0,0,0,0,,            E MY N #     150.00M1        0ALN,,,,
T,007,SBL,A01784,,SEPIA 1M 30ML SBL,,,43/N/36,00000000,,,5,0,150,,150,,0,,2,0,60,185.71,4.76,114.29,5.72,0,0,G,,                    ,,,,,,MARG1050552,30039014,SEPIA 1M 30ML SBL,,0,0,0,0,,            E MY N #     150.00M1        0ALN,,,,
T,007,SBL,0007416,,SEPIA 200 30ml SBL,,,C,00000000,,,5,0,115,,115,,0,,1,0,60,71.19,4.76,43.81,2.2,0,0,G,,                    ,,,,,,MARG16838,30039014,SEPIA 200 30ml SBL,,95,0,0,0,,            E MY N #     115.00M1        0ALN,,,,
T,007,SBL,0007416,,SEPIA 200 30ml SBL,,,C,00000000,,,5,0,115,,115,,0,,1,0,60,71.19,4.76,43.81,2.2,0,0,G,,                    ,,,,,,MARG16838,30039014,SEPIA 200 30ml SBL,,95,0,0,0,,            E MY N #     115.00M1        0ALN,,,,
T,007,SBL,0007416,,SEPIA 200 30ml SBL,,,C,00000000,,,5,0,115,,115,,0,,2,0,60,142.38,4.76,87.62,4.38,0,0,G,,                    ,,,,,,MARG16838,30039014,SEPIA 200 30ml SBL,,95,0,0,0,,            E MY N #     115.00M1        0ALN,,,,
T,007,SBL,ZZZ000318,,SEPIA 30 30 ML SBL,,,C,00000000,,,5,0,100,,100,,0,,1,0,60,61.9,4.76,38.1,1.9,0,0,G,,                    ,,,,,,MARG1104645,30049014,SEPIA 30 30 ML SBL,,100,0,0,0,,            E MY N #     100.00M1        0ALN,,,,
T,007,SBL,ZZZ000318,,SEPIA 30 30 ML SBL,,,C,00000000,,,5,0,100,,100,,0,,1,0,60,61.9,4.76,38.1,1.9,0,0,G,,                    ,,,,,,MARG1104645,30049014,SEPIA 30 30 ML SBL,,100,0,0,0,,            E MY N #     100.00M1        0ALN,,,,
T,007,SBL,ZZZ000318,,SEPIA 30 30 ML SBL,,,C,00000000,,,5,0,100,,100,,0,,2,0,60,123.81,4.76,76.19,3.8,0,0,G,,                    ,,,,,,MARG1104645,30049014,SEPIA 30 30 ML SBL,,100,0,0,0,,            E MY N #     100.00M1        0ALN,,,,
T,007,SBL, A01307,,SILICEA 1M 30ML SBL,,,43/N/36,00000000,,,5,0,150,,150,,0,,1,0,60,92.86,4.76,57.14,2.86,0,0,G,,                    ,,,,,,MARG1049565,30039014,SILICEA 1M 30ML SBL,,0,0,0,0,,            E MY N #     150.00M1        0ALN,,,,
T,007,SBL, A01307,,SILICEA 1M 30ML SBL,,,43/N/36,00000000,,,5,0,150,,150,,0,,1,0,60,92.86,4.76,57.14,2.86,0,0,G,,                    ,,,,,,MARG1049565,30039014,SILICEA 1M 30ML SBL,,0,0,0,0,,            E MY N #     150.00M1        0ALN,,,,
T,007,SBL, A01307,,SILICEA 1M 30ML SBL,,,43/N/36,00000000,,,5,0,150,,150,,0,,2,0,60,185.71,4.76,114.29,5.72,0,0,G,,                    ,,,,,,MARG1049565,30039014,SILICEA 1M 30ML SBL,,0,0,0,0,,            E MY N #     150.00M1        0ALN,,,,
T,007,SBL,0007123,,SILICEA 200 30ML SBL,,,C,00000000,,,5,0,120,,120,,0,,1,0,60,74.28,4.76,45.72,2.28,0,0,G,,                    ,,,,,,MARG15628,30039014,SILICEA 200 30ML SBL,,41.35,0,0,0,,            E MY N #     120.00M1        0ALN,,,,
T,007,SBL,0007123,,SILICEA 200 30ML SBL,,,C,00000000,,,5,0,120,,120,,0,,1,0,60,74.28,4.76,45.72,2.28,0,0,G,,                    ,,,,,,MARG15628,30039014,SILICEA 200 30ML SBL,,41.35,0,0,0,,            E MY N #     120.00M1        0ALN,,,,
T,007,SBL,0007123,,SILICEA 200 30ML SBL,,,C,00000000,,,5,0,120,,120,,0,,2,0,60,148.57,4.76,91.43,4.58,0,0,G,,                    ,,,,,,MARG15628,30039014,SILICEA 200 30ML SBL,,41.35,0,0,0,,            E MY N #     120.00M1        0ALN,,,,
T,007,SBL,0007466,,SILICEA 30 30ML,,,C,00000000,,,5,0,100,,100,,0,,1,0,60,61.9,4.76,38.1,1.9,0,0,G,,                    ,,,,,,MARG17034,30049014,SILICEA 30 30ML,,39.45,0,0,0,,            E MY N #     100.00M1        0ALN,,,,
T,007,SBL,0007466,,SILICEA 30 30ML,,,C,00000000,,,5,0,100,,100,,0,,1,0,60,61.9,4.76,38.1,1.9,0,0,G,,                    ,,,,,,MARG17034,30049014,SILICEA 30 30ML,,39.45,0,0,0,,            E MY N #     100.00M1        0ALN,,,,
T,007,SBL,0007466,,SILICEA 30 30ML,,,C,00000000,,,5,0,100,,100,,0,,2,0,60,123.81,4.76,76.19,3.8,0,0,G,,                    ,,,,,,MARG17034,30049014,SILICEA 30 30ML,,39.45,0,0,0,,            E MY N #     100.00M1        0ALN,,,,
T,007,SBL,0007317,,STAPHYSAGRIA 1M 30ml SBL,,,40/23,00000000,,,5,0,150,,150,,0,,2,0,60,185.71,4.76,114.29,5.72,0,0,G,,                    ,,,,,,MARG16515,30039014,STAPHYSAGRIA 1M 30ml SBL,,55.8,0,0,0,,            E MY N #     150.00M1        0ALN,,,,
T,007,SBL,A00015,,STAPHYSAGRIA 200 30ML SBL,,,C,00000000,,,5,0,115,,120,,0,,1,0,60,71.19,4.76,43.81,2.2,0,0,G,,                    ,,,,,,MARG1043287,30039014,STAPHYSAGRIA 200 30ML SBL,,0,0,0,0,,            E MY N #     120.00M1        0ALN,,,,
T,007,SBL,A00015,,STAPHYSAGRIA 200 30ML SBL,,,C,00000000,,,5,0,120,,120,,0,,1,0,60,74.28,4.76,45.72,2.28,0,0,G,,                    ,,,,,,MARG1043287,30039014,STAPHYSAGRIA 200 30ML SBL,,0,0,0,0,,            E MY N #     120.00M1        0ALN,,,,
T,007,SBL,A00015,,STAPHYSAGRIA 200 30ML SBL,,,C,00000000,,,5,0,115,,120,,0,,2,0,60,142.38,4.76,87.62,4.38,0,0,G,,                    ,,,,,,MARG1043287,30039014,STAPHYSAGRIA 200 30ML SBL,,0,0,0,0,,            E MY N #     120.00M1        0ALN,,,,
T,007,SBL,004628,,STAPHYSGARIA 30 30ML SBL,,,C,00000000,,,5,0,100,,100,,0,,1,0,60,61.9,4.76,38.1,1.9,0,0,G,,                    ,,,,,,MARG1056761,30039014,STAPHYSGARIA 30 30ML SBL,,100,0,0,0,,            E MY N #     100.00M1        0ALN,,,,
T,007,SBL,004628,,STAPHYSGARIA 30 30ML SBL,,,C,00000000,,,5,0,100,,100,,0,,1,0,60,61.9,4.76,38.1,1.9,0,0,G,,                    ,,,,,,MARG1056761,30039014,STAPHYSGARIA 30 30ML SBL,,100,0,0,0,,            E MY N #     100.00M1        0ALN,,,,
T,007,SBL,004628,,STAPHYSGARIA 30 30ML SBL,,,C,00000000,,,5,0,100,,100,,0,,1,0,60,61.9,4.76,38.1,1.9,0,0,G,,                    ,,,,,,MARG1056761,30039014,STAPHYSGARIA 30 30ML SBL,,100,0,0,0,,            E MY N #     100.00M1        0ALN,,,,
T,007,SBL,004628,,STAPHYSGARIA 30 30ML SBL,,,C,00000000,,,5,0,90,,100,,0,,1,0,60,55.71,4.76,34.29,1.72,0,0,G,,                    ,,,,,,MARG1056761,30039014,STAPHYSGARIA 30 30ML SBL,,100,0,0,0,,            E MY N #     100.00M1        0ALN,,,,
T,007,SBL,002427,,SULPHUR 1M 30ML,,,40/3,00000000,,,5,0,150,,150,,0,,2,0,60,185.71,4.76,114.29,5.72,0,0,G,,                    ,,,,,,MARG1073528,30049014,SULPHUR 1M 30ML,,0,0,0,0,,            E MY N #     150.00M1        0ALN,,,,
T,007,SBL,002427,,SULPHUR 1M 30ML,,,43/N/36,00000000,,,5,0,150,,150,,0,,2,0,60,185.71,4.76,114.29,5.72,0,0,G,,                    ,,,,,,MARG1073528,30049014,SULPHUR 1M 30ML,,0,0,0,0,,            E MY N #     150.00M1        0ALN,,,,
T,007,SBL,002427,,SULPHUR 1M 30ML,,,43/N/36,00000000,,,5,0,150,,150,,0,,1,0,60,92.86,4.76,57.14,2.86,0,0,G,,                    ,,,,,,MARG1073528,30049014,SULPHUR 1M 30ML,,0,0,0,0,,            E MY N #     150.00M1        0ALN,,,,
T,007,SBL,002478,,SULPHUR 200 30ML,,,C,00000000,,,5,0,120,,120,,0,,1,0,60,74.28,4.76,45.72,2.28,0,0,G,,                    ,,,,,,MARG1073635,30049014,SULPHUR 200 30ML,,120,0,0,0,,            E MY N #     120.00M1        0ALN,,,,
T,007,SBL,002478,,SULPHUR 200 30ML,,,C,00000000,,,5,0,120,,120,,0,,1,0,60,74.28,4.76,45.72,2.28,0,0,G,,                    ,,,,,,MARG1073635,30049014,SULPHUR 200 30ML,,120,0,0,0,,            E MY N #     120.00M1        0ALN,,,,
T,007,SBL,002478,,SULPHUR 200 30ML,,,C,00000000,,,5,0,120,,120,,0,,2,0,60,148.57,4.76,91.43,4.58,0,0,G,,                    ,,,,,,MARG1073635,30049014,SULPHUR 200 30ML,,120,0,0,0,,            E MY N #     120.00M1        0ALN,,,,
T,007,SBL,0007323,,SULPHUR 30 30ml SBL,,,C,00000000,,,5,0,105,,105,,0,,1,0,60,65,4.76,40,2,0,0,G,,                    ,,,,,,MARG16544,30039014,SULPHUR 30 30ml SBL,,38.46,0,0,0,,            E MY N #     105.00M1        0ALN,,,,
T,007,SBL,0007323,,SULPHUR 30 30ml SBL,,,C,00000000,,,5,0,105,,105,,0,,1,0,60,65,4.76,40,2,0,0,G,,                    ,,,,,,MARG16544,30039014,SULPHUR 30 30ml SBL,,38.46,0,0,0,,            E MY N #     105.00M1        0ALN,,,,
T,007,SBL,0007323,,SULPHUR 30 30ml SBL,,,C,00000000,,,5,0,105,,105,,0,,2,0,60,130,4.76,80,4,0,0,G,,                    ,,,,,,MARG16544,30039014,SULPHUR 30 30ml SBL,,38.46,0,0,0,,            E MY N #     105.00M1        0ALN,,,,
T,007,SBL,015717,,SWERTIA CHIRATA Q 30ML SBL,,,C,00000000,,,5,0,150,,150,,0,,3,0,55,257.14,4.76,192.86,9.64,0,0,G,,                    ,,,,,,MARG1059070,30049014,SWERTIA CHIRATA Q 30ML SBL,,0,0,0,0,,            E MY N #     150.00M1        0ALN,,,,
T,007,SBL,0007129,,SYZYGIUM.J  Q 30ml,,,C,00000000,,,5,0,105,,105,,0,,3,0,55,180,4.76,135,6.76,0,0,G,,                    ,,,,,,MARG15722,30049014,SYZYGIUM.J  Q 30ml,,65,0,0,0,,            E MY N #     105.00M1        0ALN,,,,
T,007,SBL,016551,,TEUCRIUM M V 1M 30ML SBL,,,19/14,00000000,,,5,0,150,,150,,0,,1,0,60,92.86,4.76,57.14,2.86,0,0,G,,                    ,,,,,,MARG1060838,63041930,TEUCRIUM M V 1M 30ML SBL,,0,0,0,0,,            E MY N #     150.00M1        0ALN,,,,
T,007,SBL,0021396,,THUJA OCC 30 30 ml SBL,,,C,00000000,,,5,0,100,,105,,0,,2,0,60,123.81,4.76,76.19,3.8,0,0,G,,                    ,,,,,,MARG2871,30049014,THUJA OCC 30 30 ml SBL,,0,0,0,0,,            E MY N #     105.00M1        0ALN,,,,
T,007,SBL,002321,,THUJA OCC 1M 30ML SBL,,,43/N/35,00000000,,,5,0,150,,150,,0,,2,0,60,185.71,4.76,114.29,5.72,0,0,G,,                    ,,,,,,MARG1073313,30039014,THUJA OCC 1M 30ML SBL,,150,0,0,0,,            E MY N #     150.00M1        0ALN,,,,
T,007,SBL,002503,,THUJA.OCC 200 30ML SBL,,,C,00000000,,,5,0,120,,120,,0,,2,0,60,148.57,4.76,91.43,4.58,0,0,G,,                    ,,,,,,MARG1073693,30039014,THUJA.OCC 200 30ML SBL,,0,0,0,0,,            E MY N #     120.00M1        0ALN,,,,
T,037,R.S.B.P,002507,,TUMORIN DROPS 30ML,,,190,00000000,,,12,0,190,,190,,0,,2,0,52,217.14,10.71,162.86,19.54,0,0,G,,                    ,,,,,,MARG1073702,30049014,TUMORIN DROPS,30ML,0,159,0,0,,            E MY N #     190.00M1        0ALN,,,,
T,007,SBL,A01673,,URTICA URE 200 30ML SBL,,,43/N/24,00000000,,,5,0,120,,120,,0,,2,0,60,148.57,4.76,91.43,4.58,0,0,G,,                    ,,,,,,MARG1050325,30039014,URTICA URE 200 30ML SBL,,0,0,0,0,,            E MY N #     120.00M1        0ALN,,,,
T,007,SBL,A01788,,URTICA URENS 30 30ML SBL,,,43/N/14,00000000,,,5,0,105,,105,,0,,2,0,60,130,4.76,80,4,0,0,G,,                    ,,,,,,MARG1050560,30039014,URTICA URENS 30 30ML SBL,,0,0,0,0,,            E MY N #     105.00M1        0ALN,,,,
T,013,RW,0023489,,V.H.P. M.T. Q 20ml,,,360.00,00000000,,,5,0,360,,360,,0,,14,0,36,1967.94,4.76,3072.06,153.6,0,0,G,,                    ,,,,,,MARG15659,30049014,V.H.P. M.T. Q 20ml,,290,242,168.3,0,,            E MY N #     360.00M1        0ALN,,,,
T,013,RW,0023485,,V.S.P M.T. Q 20ML,,,500.00,00000000,,,5,0,500,,500,,0,,6,0,36,1171.39,4.76,1828.61,91.44,0,0,G,,                    ,,,,,,MARG15612,30049014,V.S.P M.T. Q 20ML,,412,300,245.2,0,,            E MY N #     500.00M1        0ALN,,,,
T,007,SBL,A01663,,VERAT ALB 30 30ML SBL,,,43/N/14,00000000,,,5,0,105,,105,,0,,2,0,60,130,4.76,80,4,0,0,G,,                    ,,,,,,MARG1050304,30039014,VERAT ALB 30 30ML SBL,,0,0,0,0,,            E MY N #     105.00M1        0ALN,,,,
T,022,DR.WILLMAR SCHWABE INDIA,0022644,,WSI HOMOEO 3X 4X 6X TAB 20GM,,,150.00,00000000,,,5,0,150,,150,,0,,1,0,50,78.57,4.76,71.43,3.58,0,0,G,,                    ,,,,,,MARG15721,30049014,WSI HOMOEO 3X 4X 6X TAB 20GM,,150,150,0,0,,            E MY N #     150.00M1        0ALN,,,,
T,022,DR.WILLMAR SCHWABE INDIA,0022644,,WSI HOMOEO 3X 4X 6X TAB 20GM,,,160.00,00000000,,,5,0,160,,160,,0,,1,0,50,83.81,4.76,76.19,3.8,0,0,G,,                    ,,,,,,MARG15721,30049014,WSI HOMOEO 3X 4X 6X TAB 20GM,,120.2,0,0,0,,            E MY N #     160.00M1        0ALN,,,,
T,007,SBL,A01403,,ZINCUM MET 30 30ML SBL,,,43/N/16,00000000,,,5,0,105,,105,,0,,2,0,60,130,4.76,80,4,0,0,G,,                    ,,,,,,MARG1049771,30039014,ZINCUM MET 30 30ML SBL,,0,0,0,0,,            E MY N #     105.00M1        0ALN,,,,
T,007,SBL,A01403,,ZINCUM MET 30 30ML SBL,,,43/N/16,00000000,,,5,0,105,,105,,0,,2,0,60,130,4.76,80,4,0,0,G,,                    ,,,,,,MARG1049771,30039014,ZINCUM MET 30 30ML SBL,,0,0,0,0,,            E MY N #     105.00M1        0ALN,,,,
F,49098,53112.92,0,0,0,0,,0,2778,
